-- MySQL dump 10.13  Distrib 8.0.27, for Win64 (x86_64)
--
-- Host: localhost    Database: tv_db
-- ------------------------------------------------------
-- Server version	8.0.27

/*!40101 SET @OLD_CHARACTER_SET_CLIENT=@@CHARACTER_SET_CLIENT */;
/*!40101 SET @OLD_CHARACTER_SET_RESULTS=@@CHARACTER_SET_RESULTS */;
/*!40101 SET @OLD_COLLATION_CONNECTION=@@COLLATION_CONNECTION */;
/*!50503 SET NAMES utf8 */;
/*!40103 SET @OLD_TIME_ZONE=@@TIME_ZONE */;
/*!40103 SET TIME_ZONE='+00:00' */;
/*!40014 SET @OLD_UNIQUE_CHECKS=@@UNIQUE_CHECKS, UNIQUE_CHECKS=0 */;
/*!40014 SET @OLD_FOREIGN_KEY_CHECKS=@@FOREIGN_KEY_CHECKS, FOREIGN_KEY_CHECKS=0 */;
/*!40101 SET @OLD_SQL_MODE=@@SQL_MODE, SQL_MODE='NO_AUTO_VALUE_ON_ZERO' */;
/*!40111 SET @OLD_SQL_NOTES=@@SQL_NOTES, SQL_NOTES=0 */;

--
-- Table structure for table `chat_group`
--

DROP TABLE IF EXISTS `chat_group`;
/*!40101 SET @saved_cs_client     = @@character_set_client */;
/*!50503 SET character_set_client = utf8mb4 */;
CREATE TABLE `chat_group` (
  `id` int NOT NULL AUTO_INCREMENT,
  `status` tinyint DEFAULT NULL,
  `create_date` timestamp NULL DEFAULT CURRENT_TIMESTAMP,
  `update_date` timestamp NULL DEFAULT CURRENT_TIMESTAMP,
  `name` varchar(189) COLLATE utf8mb4_unicode_ci DEFAULT NULL,
  PRIMARY KEY (`id`)
) ENGINE=InnoDB AUTO_INCREMENT=18 DEFAULT CHARSET=utf8mb4 COLLATE=utf8mb4_unicode_ci;
/*!40101 SET character_set_client = @saved_cs_client */;

--
-- Dumping data for table `chat_group`
--

LOCK TABLES `chat_group` WRITE;
/*!40000 ALTER TABLE `chat_group` DISABLE KEYS */;
INSERT INTO `chat_group` VALUES (1,1,'2022-06-05 05:16:22','2022-06-05 05:16:22','Group1'),(2,1,'2022-06-05 12:51:25','2022-06-05 12:51:25','Group 2'),(3,1,'2022-06-05 13:02:00','2022-06-05 13:02:00',NULL),(5,1,'2022-06-05 16:06:44','2022-06-05 16:06:44','HIHI GROUP'),(6,1,'2022-06-05 16:11:42','2022-06-05 16:11:42','HAHA GROUP'),(7,1,'2022-06-05 16:18:14','2022-06-05 16:18:14','HAHA GROUP'),(8,1,'2022-06-05 16:18:22','2022-06-05 16:18:22','HAHA GROUP'),(9,1,'2022-06-05 16:18:24','2022-06-05 16:18:24','HAHA GROUP'),(10,1,'2022-06-05 16:18:26','2022-06-05 16:18:26','HAHA GROUP'),(11,1,'2022-06-05 16:18:28','2022-06-05 16:18:28','HAHA GROUP'),(12,1,'2022-06-05 16:19:04','2022-06-05 16:19:04','HAHA GROUP'),(17,1,'2022-06-06 07:07:00','2022-06-06 07:07:00',NULL);
/*!40000 ALTER TABLE `chat_group` ENABLE KEYS */;
UNLOCK TABLES;

--
-- Table structure for table `chat_group_user`
--

DROP TABLE IF EXISTS `chat_group_user`;
/*!40101 SET @saved_cs_client     = @@character_set_client */;
/*!50503 SET character_set_client = utf8mb4 */;
CREATE TABLE `chat_group_user` (
  `id` int NOT NULL AUTO_INCREMENT,
  `user_id` int NOT NULL,
  `chat_group_id` int NOT NULL,
  `status` tinyint DEFAULT NULL,
  `create_date` timestamp NULL DEFAULT CURRENT_TIMESTAMP,
  `update_date` timestamp NULL DEFAULT CURRENT_TIMESTAMP,
  PRIMARY KEY (`id`),
  KEY `fk_chat_group_user_user_id` (`user_id`),
  KEY `fk_chat_group_group_id` (`chat_group_id`),
  CONSTRAINT `fk_chat_group_group_id` FOREIGN KEY (`chat_group_id`) REFERENCES `chat_group` (`id`),
  CONSTRAINT `fk_chat_group_user_user_id` FOREIGN KEY (`user_id`) REFERENCES `user` (`id`)
) ENGINE=InnoDB AUTO_INCREMENT=30 DEFAULT CHARSET=utf8mb4 COLLATE=utf8mb4_unicode_ci;
/*!40101 SET character_set_client = @saved_cs_client */;

--
-- Dumping data for table `chat_group_user`
--

LOCK TABLES `chat_group_user` WRITE;
/*!40000 ALTER TABLE `chat_group_user` DISABLE KEYS */;
INSERT INTO `chat_group_user` VALUES (1,1,1,1,'2022-06-05 05:16:34','2022-06-05 05:16:34'),(2,2,1,1,'2022-06-05 05:16:34','2022-06-05 05:16:34'),(3,3,1,1,'2022-06-05 12:51:41','2022-06-05 12:51:41'),(7,1,6,1,'2022-06-05 16:11:42','2022-06-05 16:11:42'),(8,2,6,1,'2022-06-05 16:11:42','2022-06-05 16:11:42'),(9,1,7,1,'2022-06-05 16:18:14','2022-06-05 16:18:14'),(10,2,7,1,'2022-06-05 16:18:14','2022-06-05 16:18:14'),(11,3,7,1,'2022-06-05 16:18:14','2022-06-05 16:18:14'),(12,5,7,1,'2022-06-05 16:18:14','2022-06-05 16:18:14'),(28,1,17,1,'2022-06-06 07:07:00','2022-06-06 07:07:00'),(29,3,17,1,'2022-06-06 07:07:00','2022-06-06 07:07:00');
/*!40000 ALTER TABLE `chat_group_user` ENABLE KEYS */;
UNLOCK TABLES;

--
-- Table structure for table `file_upload`
--

DROP TABLE IF EXISTS `file_upload`;
/*!40101 SET @saved_cs_client     = @@character_set_client */;
/*!50503 SET character_set_client = utf8mb4 */;
CREATE TABLE `file_upload` (
  `id` int NOT NULL AUTO_INCREMENT,
  `name` varchar(255) DEFAULT NULL,
  `original_name` varchar(255) DEFAULT NULL,
  `active` tinyint(1) DEFAULT '1',
  `create_date` timestamp NULL DEFAULT CURRENT_TIMESTAMP,
  `update_date` timestamp NULL DEFAULT NULL,
  `content_type` varchar(255) DEFAULT NULL,
  `upload_by` int DEFAULT NULL,
  `size` int DEFAULT NULL,
  `ext` varchar(25) DEFAULT NULL,
  PRIMARY KEY (`id`),
  KEY `fk_upload_by_user` (`upload_by`),
  CONSTRAINT `fk_upload_by_user` FOREIGN KEY (`upload_by`) REFERENCES `user` (`id`)
) ENGINE=InnoDB AUTO_INCREMENT=177 DEFAULT CHARSET=utf8mb4 COLLATE=utf8mb4_0900_ai_ci;
/*!40101 SET character_set_client = @saved_cs_client */;

--
-- Dumping data for table `file_upload`
--

LOCK TABLES `file_upload` WRITE;
/*!40000 ALTER TABLE `file_upload` DISABLE KEYS */;
INSERT INTO `file_upload` VALUES (1,'airplane-1644906495304','airplane.png',1,'2022-02-15 06:28:15','2022-02-15 06:28:15','image/png',1,40694,'png'),(2,'duy-1644906553501','duy.jpg',1,'2022-02-15 06:29:14','2022-02-15 06:29:14','image/jpeg',1,746998,'jpg'),(3,'18130060-1644907869667','18130060.jpg',1,'2022-02-15 06:51:10','2022-02-15 06:51:10','image/jpeg',2,221545,'jpg'),(4,'18130060-1644936014635','18130060.jpg',1,'2022-02-15 14:40:15','2022-02-15 14:40:15','image/jpeg',2,221545,'jpg'),(5,'18130060-1644936178879','18130060.jpg',1,'2022-02-15 14:42:59','2022-02-15 14:42:59','image/jpeg',2,221545,'jpg'),(6,'18130060-1644936327753','18130060.jpg',1,'2022-02-15 14:45:28','2022-02-15 14:45:28','image/jpeg',2,221545,'jpg'),(7,'18130060-1644936520577','18130060.jpg',1,'2022-02-15 14:48:41','2022-02-15 14:48:41','image/jpeg',2,221545,'jpg'),(8,'a-1645248851699','a.jpg',1,'2022-02-19 05:34:12','2022-02-19 05:34:12','image/jpeg',2,780041,'jpg'),(9,'airplane-1645249935835','airplane.png',1,'2022-02-19 05:52:16','2022-02-19 05:52:16','image/png',1,40694,'png'),(10,'nikelazerbanner-1645251031801','nikelazerbanner.jpg',1,'2022-02-19 06:10:32','2022-02-19 06:10:32','image/jpeg',3,72738,'jpg'),(11,'haylongbay1-1645506938327','haylongbay1.jpg',1,'2022-02-22 05:15:38','2022-02-22 05:15:38','image/jpeg',2,2408278,'jpg'),(12,'halongbay2-1645506948134','halongbay2.jpg',1,'2022-02-22 05:15:48','2022-02-22 05:15:48','image/jpeg',2,1884230,'jpg'),(13,'Screenshot 2022-03-24 143926-1650868525497','Screenshot 2022-03-24 143926.png',1,'2022-04-25 06:35:26','2022-04-25 06:35:26','image/png',3,967854,'png'),(14,'Screenshot 2022-03-24 143926-1650868763397','Screenshot 2022-03-24 143926.png',1,'2022-04-25 06:39:23','2022-04-25 06:39:23','image/png',3,967854,'png'),(15,'40091753294_95f09bb44c_b-1650880774024','40091753294_95f09bb44c_b.jpg',1,'2022-04-25 09:59:34','2022-04-25 09:59:34','image/jpeg',3,187860,'jpg'),(16,'92c26082-3661-4c32-affe-ff9eb66be485967331977264165331-1650884289010','92c26082-3661-4c32-affe-ff9eb66be485967331977264165331.jpg',1,'2022-04-25 10:58:09','2022-04-25 10:58:09','application/octet-stream',1,192856,'jpg'),(17,'e0144ba2-1408-4b82-b5de-1bb6af2a1eb46045630505165723658-1650886050285','e0144ba2-1408-4b82-b5de-1bb6af2a1eb46045630505165723658.jpg',1,'2022-04-25 11:27:31','2022-04-25 11:27:31','image/jpeg',1,196786,'jpg'),(18,'9efeb06f-b388-4566-8f8f-947f1ccb64b74376276212368833874-1650938743006','9efeb06f-b388-4566-8f8f-947f1ccb64b74376276212368833874.jpg',1,'2022-04-26 02:05:43','2022-04-26 02:05:43','image/jpeg',1,196319,'jpg'),(19,'9efeb06f-b388-4566-8f8f-947f1ccb64b74376276212368833874-1650938764641','9efeb06f-b388-4566-8f8f-947f1ccb64b74376276212368833874.jpg',1,'2022-04-26 02:06:05','2022-04-26 02:06:05','image/jpeg',1,196319,'jpg'),(20,'9efeb06f-b388-4566-8f8f-947f1ccb64b74376276212368833874-1650940126149','9efeb06f-b388-4566-8f8f-947f1ccb64b74376276212368833874.jpg',1,'2022-04-26 02:28:46','2022-04-26 02:28:46','image/jpeg',1,196319,'jpg'),(21,'4bcafaff-184e-4c9e-a3ea-816857f1d98c6358015291469236614-1650940126458','4bcafaff-184e-4c9e-a3ea-816857f1d98c6358015291469236614.jpg',1,'2022-04-26 02:28:46','2022-04-26 02:28:46','image/jpeg',1,111766,'jpg'),(22,'9efeb06f-b388-4566-8f8f-947f1ccb64b74376276212368833874-1650940217776','9efeb06f-b388-4566-8f8f-947f1ccb64b74376276212368833874.jpg',1,'2022-04-26 02:30:18','2022-04-26 02:30:18','image/jpeg',1,196319,'jpg'),(23,'4bcafaff-184e-4c9e-a3ea-816857f1d98c6358015291469236614-1650940218001','4bcafaff-184e-4c9e-a3ea-816857f1d98c6358015291469236614.jpg',1,'2022-04-26 02:30:18','2022-04-26 02:30:18','image/jpeg',1,111766,'jpg'),(24,'cc367d75-26d3-4def-8b9b-4bb29abd12184105732870953820512-1650940317705','cc367d75-26d3-4def-8b9b-4bb29abd12184105732870953820512.jpg',1,'2022-04-26 02:31:58','2022-04-26 02:31:58','image/jpeg',1,131512,'jpg'),(25,'cc367d75-26d3-4def-8b9b-4bb29abd12184105732870953820512-1650940321205','cc367d75-26d3-4def-8b9b-4bb29abd12184105732870953820512.jpg',1,'2022-04-26 02:32:01','2022-04-26 02:32:01','image/jpeg',1,131512,'jpg'),(26,'cc367d75-26d3-4def-8b9b-4bb29abd12184105732870953820512-1650940393797','cc367d75-26d3-4def-8b9b-4bb29abd12184105732870953820512.jpg',1,'2022-04-26 02:33:14','2022-04-26 02:33:14','image/jpeg',1,131512,'jpg'),(27,'cc367d75-26d3-4def-8b9b-4bb29abd12184105732870953820512-1650940432276','cc367d75-26d3-4def-8b9b-4bb29abd12184105732870953820512.jpg',1,'2022-04-26 02:33:52','2022-04-26 02:33:52','image/jpeg',1,131512,'jpg'),(28,'cc367d75-26d3-4def-8b9b-4bb29abd12184105732870953820512-1650940435416','cc367d75-26d3-4def-8b9b-4bb29abd12184105732870953820512.jpg',1,'2022-04-26 02:33:55','2022-04-26 02:33:55','image/jpeg',1,131512,'jpg'),(29,'cc367d75-26d3-4def-8b9b-4bb29abd12184105732870953820512-1650940481004','cc367d75-26d3-4def-8b9b-4bb29abd12184105732870953820512.jpg',1,'2022-04-26 02:34:41','2022-04-26 02:34:41','image/jpeg',1,131512,'jpg'),(30,'cc367d75-26d3-4def-8b9b-4bb29abd12184105732870953820512-1650940528897','cc367d75-26d3-4def-8b9b-4bb29abd12184105732870953820512.jpg',1,'2022-04-26 02:35:29','2022-04-26 02:35:29','image/jpeg',1,131512,'jpg'),(31,'cc367d75-26d3-4def-8b9b-4bb29abd12184105732870953820512-1650940558062','cc367d75-26d3-4def-8b9b-4bb29abd12184105732870953820512.jpg',1,'2022-04-26 02:35:58','2022-04-26 02:35:58','image/jpeg',1,131512,'jpg'),(32,'bd9634bc-e21e-4094-ac70-2027ea7a75f26631491404166129995-1650940791404','bd9634bc-e21e-4094-ac70-2027ea7a75f26631491404166129995.jpg',1,'2022-04-26 02:39:51','2022-04-26 02:39:51','image/jpeg',1,184969,'jpg'),(33,'bd9634bc-e21e-4094-ac70-2027ea7a75f26631491404166129995-1650941822918','bd9634bc-e21e-4094-ac70-2027ea7a75f26631491404166129995.jpg',1,'2022-04-26 02:57:03','2022-04-26 02:57:03','image/jpeg',1,184969,'jpg'),(34,'ea82e9be-fbb7-4e76-b3d5-90a4d32aae968861110435420492268-1650941872594','ea82e9be-fbb7-4e76-b3d5-90a4d32aae968861110435420492268.jpg',1,'2022-04-26 02:57:53','2022-04-26 02:57:53','image/jpeg',1,189469,'jpg'),(35,'ea82e9be-fbb7-4e76-b3d5-90a4d32aae968861110435420492268-1650942093706','ea82e9be-fbb7-4e76-b3d5-90a4d32aae968861110435420492268.jpg',1,'2022-04-26 03:01:34','2022-04-26 03:01:34','image/jpeg',1,189469,'jpg'),(36,'ea82e9be-fbb7-4e76-b3d5-90a4d32aae968861110435420492268-1650942574584','ea82e9be-fbb7-4e76-b3d5-90a4d32aae968861110435420492268.jpg',1,'2022-04-26 03:09:35','2022-04-26 03:09:35','image/jpeg',1,189469,'jpg'),(37,'ea82e9be-fbb7-4e76-b3d5-90a4d32aae968861110435420492268-1650942621395','ea82e9be-fbb7-4e76-b3d5-90a4d32aae968861110435420492268.jpg',1,'2022-04-26 03:10:21','2022-04-26 03:10:21','image/jpeg',1,189469,'jpg'),(38,'ea82e9be-fbb7-4e76-b3d5-90a4d32aae968861110435420492268-1650942708104','ea82e9be-fbb7-4e76-b3d5-90a4d32aae968861110435420492268.jpg',1,'2022-04-26 03:11:48','2022-04-26 03:11:48','image/jpeg',1,189469,'jpg'),(39,'ea82e9be-fbb7-4e76-b3d5-90a4d32aae968861110435420492268-1650942708152','ea82e9be-fbb7-4e76-b3d5-90a4d32aae968861110435420492268.jpg',1,'2022-04-26 03:11:48','2022-04-26 03:11:48','image/jpeg',1,189469,'jpg'),(40,'ea82e9be-fbb7-4e76-b3d5-90a4d32aae968861110435420492268-1650942732764','ea82e9be-fbb7-4e76-b3d5-90a4d32aae968861110435420492268.jpg',1,'2022-04-26 03:12:13','2022-04-26 03:12:13','image/jpeg',1,189469,'jpg'),(41,'ea82e9be-fbb7-4e76-b3d5-90a4d32aae968861110435420492268-1650942814894','ea82e9be-fbb7-4e76-b3d5-90a4d32aae968861110435420492268.jpg',1,'2022-04-26 03:13:35','2022-04-26 03:13:35','image/jpeg',1,189469,'jpg'),(42,'ea82e9be-fbb7-4e76-b3d5-90a4d32aae968861110435420492268-1650942963090','ea82e9be-fbb7-4e76-b3d5-90a4d32aae968861110435420492268.jpg',1,'2022-04-26 03:16:03','2022-04-26 03:16:03','image/jpeg',1,189469,'jpg'),(43,'ea82e9be-fbb7-4e76-b3d5-90a4d32aae968861110435420492268-1650943468187','ea82e9be-fbb7-4e76-b3d5-90a4d32aae968861110435420492268.jpg',1,'2022-04-26 03:24:28','2022-04-26 03:24:28','image/jpeg',1,189469,'jpg'),(44,'ea82e9be-fbb7-4e76-b3d5-90a4d32aae968861110435420492268-1650943649329','ea82e9be-fbb7-4e76-b3d5-90a4d32aae968861110435420492268.jpg',1,'2022-04-26 03:27:29','2022-04-26 03:27:29','image/jpeg',1,189469,'jpg'),(45,'fb91486c-9996-4cdc-a05f-ffd56bbad7667979201236346614660-1650945964873','fb91486c-9996-4cdc-a05f-ffd56bbad7667979201236346614660.jpg',1,'2022-04-26 04:06:05','2022-04-26 04:06:05','image/jpeg',1,167551,'jpg'),(46,'fb91486c-9996-4cdc-a05f-ffd56bbad7667979201236346614660-1650953864659','fb91486c-9996-4cdc-a05f-ffd56bbad7667979201236346614660.jpg',1,'2022-04-26 06:17:45','2022-04-26 06:17:45','image/jpeg',1,167551,'jpg'),(47,'8b70e155-2113-4de8-b5af-c55a2d19619e9049219915086121365-1650954136333','8b70e155-2113-4de8-b5af-c55a2d19619e9049219915086121365.jpg',1,'2022-04-26 06:22:16','2022-04-26 06:22:16','image/jpeg',3,147478,'jpg'),(48,'479fab39-df05-4f94-8aee-68740e681de12210128779403349897-1650959480409','479fab39-df05-4f94-8aee-68740e681de12210128779403349897.jpg',1,'2022-04-26 07:51:21','2022-04-26 07:51:21','image/jpeg',2,159014,'jpg'),(49,'c4e97564-c8ef-443e-9c1f-0a2cb5d669788160900407410719692-1651473457637','c4e97564-c8ef-443e-9c1f-0a2cb5d669788160900407410719692.jpg',1,'2022-05-02 06:37:38','2022-05-02 06:37:38','image/jpeg',1,190339,'jpg'),(50,'c349cb4e-b71b-46fc-8843-13919e73efff6900143933557626326-1651565059053','c349cb4e-b71b-46fc-8843-13919e73efff6900143933557626326.jpg',1,'2022-05-03 08:04:20','2022-05-03 08:04:20','image/jpeg',2,150891,'jpg'),(51,'7f93f05a-4ad0-4b6b-be85-9b1372db07bf577033248289274910-1651565060261','7f93f05a-4ad0-4b6b-be85-9b1372db07bf577033248289274910.jpg',1,'2022-05-03 08:04:20','2022-05-03 08:04:20','image/jpeg',2,181467,'jpg'),(52,'c8571132-9392-4119-b11f-2b14081401043080786462271242310-1651587717231','c8571132-9392-4119-b11f-2b14081401043080786462271242310.jpg',1,'2022-05-03 14:21:58','2022-05-03 14:21:58','image/jpeg',1,64253,'jpg'),(53,'c8799bfe-33a2-419e-83aa-229c0c453bce3133974127237030216-1651587718147','c8799bfe-33a2-419e-83aa-229c0c453bce3133974127237030216.jpg',1,'2022-05-03 14:21:58','2022-05-03 14:21:58','image/jpeg',1,63712,'jpg'),(54,'image_picker8307929432980900452-1651666889750','image_picker8307929432980900452.jpg',1,'2022-05-04 12:21:31','2022-05-04 12:21:31','image/jpeg',1,280609,'jpg'),(55,'image_picker6466891111871425407-1651667209524','image_picker6466891111871425407.jpg',1,'2022-05-04 12:26:50','2022-05-04 12:26:50','image/jpeg',1,809296,'jpg'),(56,'image_picker201605503316621590-1651667543183','image_picker201605503316621590.jpg',1,'2022-05-04 12:32:23','2022-05-04 12:32:23','image/jpeg',1,773841,'jpg'),(57,'image_picker6869033405750918040-1651667543663','image_picker6869033405750918040.jpg',1,'2022-05-04 12:32:24','2022-05-04 12:32:24','image/jpeg',1,387102,'jpg'),(58,'image_picker3997704681544346493-1651668066052','image_picker3997704681544346493.jpg',1,'2022-05-04 12:41:06','2022-05-04 12:41:06','image/jpeg',2,2995522,'jpg'),(59,'image_picker4868451606364464207-1651668067558','image_picker4868451606364464207.jpg',1,'2022-05-04 12:41:08','2022-05-04 12:41:08','image/jpeg',2,1711747,'jpg'),(60,'image_picker4977815289802228563-1651668068205','image_picker4977815289802228563.jpg',1,'2022-05-04 12:41:08','2022-05-04 12:41:08','image/jpeg',2,610157,'jpg'),(61,'image_picker871593522346138454-1651668069935','image_picker871593522346138454.jpg',1,'2022-05-04 12:41:10','2022-05-04 12:41:10','image/jpeg',2,2069567,'jpg'),(62,'image_picker59247541811621979-1651668072002','image_picker59247541811621979.jpg',1,'2022-05-04 12:41:12','2022-05-04 12:41:12','image/jpeg',2,2299365,'jpg'),(63,'image_picker8008307273994333717-1651668073683','image_picker8008307273994333717.jpg',1,'2022-05-04 12:41:14','2022-05-04 12:41:14','image/jpeg',2,2285808,'jpg'),(64,'48c121c6-bdb5-4f57-b14f-e76a9cec7c731357147703-1651673267205','48c121c6-bdb5-4f57-b14f-e76a9cec7c731357147703.jpg',1,'2022-05-04 14:07:47','2022-05-04 14:07:47','image/jpeg',1,1629304,'jpg'),(65,'image_picker1768728805-1651674055823','image_picker1768728805.jpg',1,'2022-05-04 14:20:56','2022-05-04 14:20:56','image/jpeg',1,2436575,'jpg'),(66,'image_picker1357147703-1651674649365','image_picker1357147703.jpg',1,'2022-05-04 14:30:51','2022-05-04 14:30:51','image/jpeg',1,1650294,'jpg'),(67,'03a70b69-6960-46b1-8063-91126d91e9bd8265011967486568375-1651675254427','03a70b69-6960-46b1-8063-91126d91e9bd8265011967486568375.jpg',1,'2022-05-04 14:40:54','2022-05-04 14:40:54','image/jpeg',2,64250,'jpg'),(68,'ab6fbc61-1437-4c61-a888-5e57ca2085413181746070405775723-1651977519589','ab6fbc61-1437-4c61-a888-5e57ca2085413181746070405775723.jpg',1,'2022-05-08 02:38:40','2022-05-08 02:38:40','image/jpeg',20,63917,'jpg'),(69,'e22cef6c-1848-45a9-a06e-4ea7d8ea25647566597399323817150-1652502199334','e22cef6c-1848-45a9-a06e-4ea7d8ea25647566597399323817150.jpg',1,'2022-05-14 04:23:20','2022-05-14 04:23:20','image/jpeg',1,63712,'jpg'),(70,'3f759987-d19e-450e-bc32-a6b783cfd0101247641118966208900-1652504108239','3f759987-d19e-450e-bc32-a6b783cfd0101247641118966208900.jpg',1,'2022-05-14 04:55:08','2022-05-14 04:55:08','image/jpeg',1,63912,'jpg'),(71,'image_picker4827154788855693608-1652506529441','image_picker4827154788855693608.jpg',1,'2022-05-14 05:35:30','2022-05-14 05:35:30','image/jpeg',1,2069567,'jpg'),(72,'image_picker1780609747752483421-1652509372502','image_picker1780609747752483421.jpg',1,'2022-05-14 06:22:53','2022-05-14 06:22:53','image/jpeg',21,4046341,'jpg'),(73,'image_picker8303048673334824972-1652509425132','image_picker8303048673334824972.jpg',1,'2022-05-14 06:23:45','2022-05-14 06:23:45','image/jpeg',21,513238,'jpg'),(74,'image_picker7249841880465652776-1652509425341','image_picker7249841880465652776.jpg',1,'2022-05-14 06:23:45','2022-05-14 06:23:45','image/jpeg',21,754541,'jpg'),(75,'image_picker5812872933883438345-1652515368374','image_picker5812872933883438345.jpg',1,'2022-05-14 08:02:49','2022-05-14 08:02:49','image/jpeg',21,370221,'jpg'),(76,'image_picker8599029866696257837-1652515368788','image_picker8599029866696257837.jpg',1,'2022-05-14 08:02:49','2022-05-14 08:02:49','image/jpeg',21,444670,'jpg'),(77,'image_picker7293492222288387871-1652515660311','image_picker7293492222288387871.jpg',1,'2022-05-14 08:07:40','2022-05-14 08:07:40','image/jpeg',21,703213,'jpg'),(78,'8c3c6581-ece0-43bf-8560-cd7aacebddcf1127708134308333398-1652516726033','8c3c6581-ece0-43bf-8560-cd7aacebddcf1127708134308333398.jpg',1,'2022-05-14 08:25:26','2022-05-14 08:25:26','image/jpeg',1,4644141,'jpg'),(79,'image_picker6721559783411993228-1652518266605','image_picker6721559783411993228.jpg',1,'2022-05-14 08:51:07','2022-05-14 08:51:07','image/jpeg',21,94287,'jpg'),(80,'image_picker6781875661710411091-1652518268064','image_picker6781875661710411091.jpg',1,'2022-05-14 08:51:08','2022-05-14 08:51:08','image/jpeg',21,4424052,'jpg'),(81,'image_picker4629340946071961413-1652518269169','image_picker4629340946071961413.jpg',1,'2022-05-14 08:51:09','2022-05-14 08:51:09','image/jpeg',21,4487902,'jpg'),(82,'image_cropper_34F4FE74-81A4-4494-873B-751575774C43-23054-000003E6213A3AE6-1652630799092','image_cropper_34F4FE74-81A4-4494-873B-751575774C43-23054-000003E6213A3AE6.jpg',1,'2022-05-15 16:06:39','2022-05-15 16:06:39','image/jpeg',1,1788965,'jpg'),(83,'image_picker_05007177-353F-4B3F-9E48-BF461C62555F-23054-000003E6090B1DA3-1652630805238','image_picker_05007177-353F-4B3F-9E48-BF461C62555F-23054-000003E6090B1DA3.jpg',1,'2022-05-15 16:06:45','2022-05-15 16:06:45','image/jpeg',1,3272971,'jpg'),(84,'image_picker_C7F0B48C-DC6C-403F-9080-E50127A9D829-23054-000003E613E02F1A-1652630818353','image_picker_C7F0B48C-DC6C-403F-9080-E50127A9D829-23054-000003E613E02F1A.jpg',1,'2022-05-15 16:06:58','2022-05-15 16:06:58','image/jpeg',1,2498038,'jpg'),(85,'image_picker_831E2BD9-FC62-48DB-906D-04E07D153786-23054-000003E6D6BC1B84-1652630929057','image_picker_831E2BD9-FC62-48DB-906D-04E07D153786-23054-000003E6D6BC1B84.jpg',1,'2022-05-15 16:08:49','2022-05-15 16:08:49','image/jpeg',1,2309645,'jpg'),(86,'image_picker_E09F7240-592C-4928-BB2B-33D4B0BE0A3B-23054-000003E6D7BAE2A3-1652630930547','image_picker_E09F7240-592C-4928-BB2B-33D4B0BE0A3B-23054-000003E6D7BAE2A3.jpg',1,'2022-05-15 16:08:51','2022-05-15 16:08:51','image/jpeg',1,2447728,'jpg'),(87,'image_picker_31581C4E-3077-4FB2-A700-AF65FC8C5E2A-23054-000003E6D73C575C-1652630932643','image_picker_31581C4E-3077-4FB2-A700-AF65FC8C5E2A-23054-000003E6D73C575C.jpg',1,'2022-05-15 16:08:53','2022-05-15 16:08:53','image/jpeg',1,2565826,'jpg'),(88,'image_picker_C9507542-6FB3-4B19-98F1-B9B9B90992E0-23295-000003EDA023CDC5-1652632150552','image_picker_C9507542-6FB3-4B19-98F1-B9B9B90992E0-23295-000003EDA023CDC5.jpg',1,'2022-05-15 16:29:11','2022-05-15 16:29:11','image/jpeg',1,3429050,'jpg'),(89,'image_picker_C7CAA7E1-17F6-46F4-99CB-241B71E14A00-23295-000003EDA0B86476-1652632152583','image_picker_C7CAA7E1-17F6-46F4-99CB-241B71E14A00-23295-000003EDA0B86476.jpg',1,'2022-05-15 16:29:13','2022-05-15 16:29:13','image/jpeg',1,3123225,'jpg'),(90,'image_picker_814E0A5F-966C-4E87-9F49-74B24898FB75-23295-000003ED9E536CBD-1652632155260','image_picker_814E0A5F-966C-4E87-9F49-74B24898FB75-23295-000003ED9E536CBD.jpg',1,'2022-05-15 16:29:15','2022-05-15 16:29:15','image/jpeg',1,3526412,'jpg'),(91,'image_picker_50F96469-DBAE-4B9C-9E83-024620C21BA0-23295-000003ED9F87CB4E-1652632157910','image_picker_50F96469-DBAE-4B9C-9E83-024620C21BA0-23295-000003ED9F87CB4E.jpg',1,'2022-05-15 16:29:18','2022-05-15 16:29:18','image/jpeg',1,3960942,'jpg'),(92,'image_picker_B4509AA6-76AB-47D6-BE61-093326711705-23295-000003ED9EE23B4C-1652632159418','image_picker_B4509AA6-76AB-47D6-BE61-093326711705-23295-000003ED9EE23B4C.jpg',1,'2022-05-15 16:29:19','2022-05-15 16:29:19','image/jpeg',1,2830047,'jpg'),(93,'image_picker_25BFEB2C-F2CB-4DE8-9A29-E4FF9840B300-23338-000003EEA6376C2B-1652632322814','image_picker_25BFEB2C-F2CB-4DE8-9A29-E4FF9840B300-23338-000003EEA6376C2B.jpg',1,'2022-05-15 16:32:03','2022-05-15 16:32:03','image/jpeg',1,159911,'jpg'),(94,'image_picker_639DBE79-0D24-493C-8DAA-392F1FE763F8-23338-000003EF0D976E3E-1652632396322','image_picker_639DBE79-0D24-493C-8DAA-392F1FE763F8-23338-000003EF0D976E3E.jpg',1,'2022-05-15 16:33:16','2022-05-15 16:33:16','image/jpeg',1,4001898,'jpg'),(95,'image_picker_8D663B27-9502-417E-963C-3DB3584F0A49-23338-000003F012142AD8-1652632629421','image_picker_8D663B27-9502-417E-963C-3DB3584F0A49-23338-000003F012142AD8.jpg',1,'2022-05-15 16:37:09','2022-05-15 16:37:09','image/jpeg',2,1923956,'jpg'),(96,'image_picker_DD61F505-5545-413B-AE2B-7FE0E5E875E1-23338-000003F0113BF8E4-1652632631335','image_picker_DD61F505-5545-413B-AE2B-7FE0E5E875E1-23338-000003F0113BF8E4.jpg',1,'2022-05-15 16:37:11','2022-05-15 16:37:11','image/jpeg',2,1651627,'jpg'),(97,'image_picker_15569EE9-C214-4A08-AEB4-2B04D69F82C2-23338-000003F0127CCEAD-1652632632533','image_picker_15569EE9-C214-4A08-AEB4-2B04D69F82C2-23338-000003F0127CCEAD.jpg',1,'2022-05-15 16:37:13','2022-05-15 16:37:13','image/jpeg',2,1664603,'jpg'),(98,'image_picker_CD6ABAD8-2C5B-4189-A112-2BD199442C75-23338-000003F011A49A56-1652632633647','image_picker_CD6ABAD8-2C5B-4189-A112-2BD199442C75-23338-000003F011A49A56.jpg',1,'2022-05-15 16:37:14','2022-05-15 16:37:14','image/jpeg',2,1667991,'jpg'),(99,'b2b529f2-1546-4844-979a-09dcb227bebd5252922713137123077-1652855204593','b2b529f2-1546-4844-979a-09dcb227bebd5252922713137123077.jpg',1,'2022-05-18 06:26:45','2022-05-18 06:26:45','image/jpeg',1,63961,'jpg'),(100,'scaled_image_picker631845109405050043-1652890095732','scaled_image_picker631845109405050043.jpg',1,'2022-05-18 16:08:16','2022-05-18 16:08:16','image/jpeg',1,336286,'jpg'),(101,'scaled_image_picker8383146562825219098_out-1652893229459','scaled_image_picker8383146562825219098_out.jpg',1,'2022-05-18 17:00:30','2022-05-18 17:00:30','image/jpeg',1,163751,'jpg'),(102,'scaled_image_picker2331901719604160199_out-1652893229891','scaled_image_picker2331901719604160199_out.jpg',1,'2022-05-18 17:00:30','2022-05-18 17:00:30','image/jpeg',1,105778,'jpg'),(103,'scaled_image_picker7000225362158048991_out-1652893230269','scaled_image_picker7000225362158048991_out.jpg',1,'2022-05-18 17:00:30','2022-05-18 17:00:30','image/jpeg',1,163751,'jpg'),(104,'scaled_image_picker9140432408587818052_out-1652893715677','scaled_image_picker9140432408587818052_out.jpg',1,'2022-05-18 17:08:36','2022-05-18 17:08:36','image/jpeg',1,114147,'jpg'),(105,'scaled_image_picker8181532915327629373_out-1652894336423','scaled_image_picker8181532915327629373_out.jpg',1,'2022-05-18 17:18:57','2022-05-18 17:18:57','image/jpeg',1,43453,'jpg'),(106,'scaled_image_picker8181532915327629373_out-1652894413347','scaled_image_picker8181532915327629373_out.jpg',1,'2022-05-18 17:20:13','2022-05-18 17:20:13','image/jpeg',1,43453,'jpg'),(107,'scaled_image_picker8069922018248414233_out-1652894445779','scaled_image_picker8069922018248414233_out.jpg',1,'2022-05-18 17:20:46','2022-05-18 17:20:46','image/jpeg',1,43453,'jpg'),(108,'scaled_image_picker8069922018248414233_out-1652894455554','scaled_image_picker8069922018248414233_out.jpg',1,'2022-05-18 17:20:56','2022-05-18 17:20:56','image/jpeg',1,43453,'jpg'),(109,'scaled_image_picker7599768391546633534_out-1652894650898','scaled_image_picker7599768391546633534_out.jpg',1,'2022-05-18 17:24:11','2022-05-18 17:24:11','image/jpeg',1,49410,'jpg'),(110,'scaled_image_picker7599768391546633534_out-1652894674872','scaled_image_picker7599768391546633534_out.jpg',1,'2022-05-18 17:24:35','2022-05-18 17:24:35','image/jpeg',1,49410,'jpg'),(111,'image_picker3473701516809607895-1652894741344','image_picker3473701516809607895.jpg',1,'2022-05-18 17:25:41','2022-05-18 17:25:41','image/jpeg',1,4935830,'jpg'),(112,'scaled_image_picker7411835256956741998_out-1652894827098','scaled_image_picker7411835256956741998_out.jpg',1,'2022-05-18 17:27:07','2022-05-18 17:27:07','image/jpeg',1,36956,'jpg'),(113,'scaled_image_picker2874170728963378227_out-1652894907644','scaled_image_picker2874170728963378227_out.jpg',1,'2022-05-18 17:28:28','2022-05-18 17:28:28','image/jpeg',1,49410,'jpg'),(114,'scaled_image_picker4814709385925823489_out-1652941687212','scaled_image_picker4814709385925823489_out.jpg',1,'2022-05-19 06:28:07','2022-05-19 06:28:07','image/jpeg',2,59314,'jpg'),(115,'scaled_image_picker1615466603787634809_out-1652941903988','scaled_image_picker1615466603787634809_out.jpg',1,'2022-05-19 06:31:44','2022-05-19 06:31:44','image/jpeg',2,64908,'jpg'),(116,'scaled_image_picker7708826410170969386_out-1652941904237','scaled_image_picker7708826410170969386_out.jpg',1,'2022-05-19 06:31:44','2022-05-19 06:31:44','image/jpeg',2,59314,'jpg'),(117,'scaled_image_picker4365619529089408828_out-1652941904434','scaled_image_picker4365619529089408828_out.jpg',1,'2022-05-19 06:31:44','2022-05-19 06:31:44','image/jpeg',2,64908,'jpg'),(118,'scaled_image_picker6808543182454779077_out-1652975353395','scaled_image_picker6808543182454779077_out.jpg',1,'2022-05-19 15:49:14','2022-05-19 15:49:14','image/jpeg',2,59314,'jpg'),(119,'scaled_image_picker2795456892215639326_out-1652975445475','scaled_image_picker2795456892215639326_out.jpg',1,'2022-05-19 15:50:45','2022-05-19 15:50:45','image/jpeg',2,25258,'jpg'),(120,'scaled_image_picker64949929066277447_out-1652975445624','scaled_image_picker64949929066277447_out.jpg',1,'2022-05-19 15:50:46','2022-05-19 15:50:46','image/jpeg',2,49377,'jpg'),(121,'image_picker2806504183379107750-1652976301411','image_picker2806504183379107750.jpg',1,'2022-05-19 16:05:02','2022-05-19 16:05:02','image/jpeg',2,4778009,'jpg'),(122,'scaled_image_picker6128629550241721537_out-1653025464535','scaled_image_picker6128629550241721537_out.jpg',1,'2022-05-20 05:44:25','2022-05-20 05:44:25','image/jpeg',2,64908,'jpg'),(123,'scaled_image_picker3731884440805498443_out-1653028148899','scaled_image_picker3731884440805498443_out.jpg',1,'2022-05-20 06:29:09','2022-05-20 06:29:09','image/jpeg',2,64995,'jpg'),(124,'scaled_image_picker8108463732412322287_out-1653028149500','scaled_image_picker8108463732412322287_out.jpg',1,'2022-05-20 06:29:10','2022-05-20 06:29:10','image/jpeg',2,59267,'jpg'),(125,'image_cropper_1653028842567-1653028861511','image_cropper_1653028842567.jpg',1,'2022-05-20 06:41:02','2022-05-20 06:41:02','image/jpeg',1,86095,'jpg'),(126,'image_cropper_1653031415505-1653031448168','image_cropper_1653031415505.jpg',1,'2022-05-20 07:24:08','2022-05-20 07:24:08','image/jpeg',1,100742,'jpg'),(127,'image_cropper_1653031702588-1653031721607','image_cropper_1653031702588.jpg',1,'2022-05-20 07:28:42','2022-05-20 07:28:42','image/jpeg',1,83247,'jpg'),(128,'image_cropper_1653031887689-1653031905220','image_cropper_1653031887689.jpg',1,'2022-05-20 07:31:45','2022-05-20 07:31:45','image/jpeg',1,53411,'jpg'),(129,'image_cropper_1653032649789-1653032665666','image_cropper_1653032649789.jpg',1,'2022-05-20 07:44:26','2022-05-20 07:44:26','image/jpeg',1,29762,'jpg'),(130,'image_cropper_1653037638138-1653037657172','image_cropper_1653037638138.jpg',1,'2022-05-20 09:07:37','2022-05-20 09:07:37','image/jpeg',1,19192,'jpg'),(131,'scaled_40d8a22f-6027-4918-830c-25f02c2a4e8f551345698-1653040409855','scaled_40d8a22f-6027-4918-830c-25f02c2a4e8f551345698.jpg',1,'2022-05-20 09:53:30','2022-05-20 09:53:30','image/jpeg',1,320383,'jpg'),(132,'image_cropper_1653040355639-1653040410200','image_cropper_1653040355639.jpg',1,'2022-05-20 09:53:30','2022-05-20 09:53:30','image/jpeg',1,200214,'jpg'),(133,'image_cropper_1653124985419-1653124996378','image_cropper_1653124985419.jpg',1,'2022-05-21 09:23:17','2022-05-21 09:23:17','image/jpeg',1,93280,'jpg'),(134,'scaled_e95b4d6c-285f-4099-abd2-b2df96491ae11680151089487860057-1653215675432','scaled_e95b4d6c-285f-4099-abd2-b2df96491ae11680151089487860057.jpg',1,'2022-05-22 10:34:36','2022-05-22 10:34:36','image/jpeg',1,53454,'jpg'),(135,'scaled_6f468689-3d5b-41fd-9bac-f9e6bdc726b94682129019246180041-1653384774741','scaled_6f468689-3d5b-41fd-9bac-f9e6bdc726b94682129019246180041.jpg',1,'2022-05-24 09:32:55','2022-05-24 09:32:55','image/jpeg',1,53548,'jpg'),(136,'scaled_image_picker2927502587975231610_out-1653632498037','scaled_image_picker2927502587975231610_out.jpg',1,'2022-05-27 06:21:39','2022-05-27 06:21:39','image/jpeg',1,13507,'jpg'),(137,'scaled_image_picker39809252989699826_out-1653632893407','scaled_image_picker39809252989699826_out.jpg',1,'2022-05-27 06:28:14','2022-05-27 06:28:14','image/jpeg',2,55783,'jpg'),(138,'scaled_image_picker39809252989699826_out-1653632893957','scaled_image_picker39809252989699826_out.jpg',1,'2022-05-27 06:28:14','2022-05-27 06:28:14','image/jpeg',2,55783,'jpg'),(139,'scaled_image_picker39809252989699826_out-1653632894230','scaled_image_picker39809252989699826_out.jpg',1,'2022-05-27 06:28:14','2022-05-27 06:28:14','image/jpeg',2,55783,'jpg'),(140,'scaled_image_picker39809252989699826_out-1653632894363','scaled_image_picker39809252989699826_out.jpg',1,'2022-05-27 06:28:14','2022-05-27 06:28:14','image/jpeg',2,55783,'jpg'),(141,'image_picker5590953442074114721_out-1653633607368','image_picker5590953442074114721_out.jpg',1,'2022-05-27 06:40:07','2022-05-27 06:40:07','image/jpeg',2,64899,'jpg'),(142,'image_picker4172327551340006892_out-1653633607844','image_picker4172327551340006892_out.jpg',1,'2022-05-27 06:40:08','2022-05-27 06:40:08','image/jpeg',2,72558,'jpg'),(143,'image_picker359507286642954534_out-1653633608024','image_picker359507286642954534_out.jpg',1,'2022-05-27 06:40:08','2022-05-27 06:40:08','image/jpeg',2,85621,'jpg'),(144,'image_picker7148034503267957747_out-1653633608222','image_picker7148034503267957747_out.jpg',1,'2022-05-27 06:40:08','2022-05-27 06:40:08','image/jpeg',2,69399,'jpg'),(145,'image_picker540262696863675509_out-1653633742084','image_picker540262696863675509_out.jpg',1,'2022-05-27 06:42:22','2022-05-27 06:42:22','image/jpeg',3,69523,'jpg'),(146,'image_picker7773879316192198784_out-1653633742285','image_picker7773879316192198784_out.jpg',1,'2022-05-27 06:42:22','2022-05-27 06:42:22','image/jpeg',3,81423,'jpg'),(147,'scaled_image_picker8451761667730028952_out-1653635857120','scaled_image_picker8451761667730028952_out.jpg',1,'2022-05-27 07:17:37','2022-05-27 07:17:37','image/jpeg',1,88105,'jpg'),(148,'scaled_image_picker8451761667730028952_out-1653635857697','scaled_image_picker8451761667730028952_out.jpg',1,'2022-05-27 07:17:38','2022-05-27 07:17:38','image/jpeg',1,88105,'jpg'),(149,'image_cropper_1653649569289-1653649577703','image_cropper_1653649569289.jpg',1,'2022-05-27 11:06:18','2022-05-27 11:06:18','image/jpeg',3,59422,'jpg'),(150,'image_cropper_1653649701818-1653649706445','image_cropper_1653649701818.jpg',1,'2022-05-27 11:08:26','2022-05-27 11:08:26','image/jpeg',3,71466,'jpg'),(151,'image_cropper_1653649825397-1653649830947','image_cropper_1653649825397.jpg',1,'2022-05-27 11:10:31','2022-05-27 11:10:31','image/jpeg',3,139971,'jpg'),(152,'image_cropper_1653650262850-1653650269047','image_cropper_1653650262850.jpg',1,'2022-05-27 11:17:49','2022-05-27 11:17:49','image/jpeg',3,94855,'jpg'),(153,'image_cropper_1653728656227-1653728664373','image_cropper_1653728656227.jpg',1,'2022-05-28 09:04:25','2022-05-28 09:04:25','image/jpeg',25,149840,'jpg'),(154,'image_picker6556205181135355632_out-1653729194058','image_picker6556205181135355632_out.jpg',1,'2022-05-28 09:13:14','2022-05-28 09:13:14','image/jpeg',25,127422,'jpg'),(155,'image_picker2980181742745146972_out-1653729194351','image_picker2980181742745146972_out.jpg',1,'2022-05-28 09:13:14','2022-05-28 09:13:14','image/jpeg',25,99927,'jpg'),(156,'image_picker6108898206806746610_out-1653729194554','image_picker6108898206806746610_out.jpg',1,'2022-05-28 09:13:15','2022-05-28 09:13:15','image/jpeg',25,128134,'jpg'),(157,'image_cropper_1653729452866-1653729459362','image_cropper_1653729452866.jpg',1,'2022-05-28 09:17:39','2022-05-28 09:17:39','image/jpeg',25,7709,'jpg'),(158,'image_cropper_1653729476575-1653729482462','image_cropper_1653729476575.jpg',1,'2022-05-28 09:18:02','2022-05-28 09:18:02','image/jpeg',25,36897,'jpg'),(159,'image_cropper_1653730013435-1653730022650','image_cropper_1653730013435.jpg',1,'2022-05-28 09:27:03','2022-05-28 09:27:03','image/jpeg',25,71695,'jpg'),(160,'image_picker4881966712891785125_out-1653756064945','image_picker4881966712891785125_out.jpg',1,'2022-05-28 16:41:06','2022-05-28 16:41:06','image/jpeg',25,3058,'jpg'),(161,'image_picker1577066342538221949_out-1653757698763','image_picker1577066342538221949_out.jpg',1,'2022-05-28 17:08:19','2022-05-28 17:08:19','image/jpeg',2,39818,'jpg'),(162,'scaled_image_picker1454379850922611171_out-1653803760772','scaled_image_picker1454379850922611171_out.jpg',1,'2022-05-29 05:56:01','2022-05-29 05:56:01','image/jpeg',1,103564,'jpg'),(163,'scaled_image_picker6918822225908943785_out-1653803761706','scaled_image_picker6918822225908943785_out.jpg',1,'2022-05-29 05:56:02','2022-05-29 05:56:02','image/jpeg',1,65907,'jpg'),(164,'image_picker3330112113925037417_out-1653808874013','image_picker3330112113925037417_out.jpg',1,'2022-05-29 07:21:14','2022-05-29 07:21:14','image/jpeg',25,31522,'jpg'),(165,'image_picker1830027002320399680_out-1653808874551','image_picker1830027002320399680_out.jpg',1,'2022-05-29 07:21:15','2022-05-29 07:21:15','image/jpeg',25,34904,'jpg'),(166,'image_picker4740983118336771051_out-1653808874796','image_picker4740983118336771051_out.jpg',1,'2022-05-29 07:21:15','2022-05-29 07:21:15','image/jpeg',25,57625,'jpg'),(167,'image_picker5529256245342690463_out-1653808929559','image_picker5529256245342690463_out.jpg',1,'2022-05-29 07:22:10','2022-05-29 07:22:10','image/jpeg',25,49427,'jpg'),(168,'image_picker3972277669254727549_out-1653808929781','image_picker3972277669254727549_out.jpg',1,'2022-05-29 07:22:10','2022-05-29 07:22:10','image/jpeg',25,84525,'jpg'),(169,'scaled_image_picker4348058347089437123_out-1653808977671','scaled_image_picker4348058347089437123_out.jpg',1,'2022-05-29 07:22:58','2022-05-29 07:22:58','image/jpeg',25,144985,'jpg'),(170,'scaled_image_picker1413393987381597058_out-1653808977871','scaled_image_picker1413393987381597058_out.jpg',1,'2022-05-29 07:22:58','2022-05-29 07:22:58','image/jpeg',25,69651,'jpg'),(171,'image_cropper_1653809322539-1653809335292','image_cropper_1653809322539.jpg',1,'2022-05-29 07:28:55','2022-05-29 07:28:55','image/jpeg',25,12920,'jpg'),(172,'image_cropper_1653809378285-1653809385458','image_cropper_1653809378285.jpg',1,'2022-05-29 07:29:46','2022-05-29 07:29:46','image/jpeg',25,243498,'jpg'),(173,'image_cropper_1653814353509-1653814361078','image_cropper_1653814353509.jpg',1,'2022-05-29 08:52:41','2022-05-29 08:52:41','image/jpeg',25,81450,'jpg'),(174,'image_cropper_1653814683562-1653814688712','image_cropper_1653814683562.jpg',1,'2022-05-29 08:58:09','2022-05-29 08:58:09','image/jpeg',25,107193,'jpg'),(175,'scaled_image_picker2312680713935581900_out-1654082062098','scaled_image_picker2312680713935581900_out.jpg',1,'2022-06-01 11:14:23','2022-06-01 11:14:23','image/jpeg',1,40388,'jpg'),(176,'image_cropper_1654082183216-1654082195244','image_cropper_1654082183216.jpg',1,'2022-06-01 11:16:35','2022-06-01 11:16:35','image/jpeg',1,88276,'jpg');
/*!40000 ALTER TABLE `file_upload` ENABLE KEYS */;
UNLOCK TABLES;

--
-- Table structure for table `follow`
--

DROP TABLE IF EXISTS `follow`;
/*!40101 SET @saved_cs_client     = @@character_set_client */;
/*!50503 SET character_set_client = utf8mb4 */;
CREATE TABLE `follow` (
  `id` int NOT NULL AUTO_INCREMENT,
  `user_id` int DEFAULT NULL,
  `follower_id` int DEFAULT NULL,
  `follow_date` timestamp NULL DEFAULT CURRENT_TIMESTAMP,
  `unfollow_date` timestamp NULL DEFAULT NULL,
  `status` int DEFAULT '1',
  `active` int DEFAULT '1',
  PRIMARY KEY (`id`),
  KEY `pk_user_id` (`user_id`),
  KEY `pk_follower_id` (`follower_id`),
  CONSTRAINT `pk_follower_id` FOREIGN KEY (`follower_id`) REFERENCES `user` (`id`),
  CONSTRAINT `pk_user_id` FOREIGN KEY (`user_id`) REFERENCES `user` (`id`)
) ENGINE=InnoDB AUTO_INCREMENT=30 DEFAULT CHARSET=utf8mb4 COLLATE=utf8mb4_0900_ai_ci;
/*!40101 SET character_set_client = @saved_cs_client */;

--
-- Dumping data for table `follow`
--

LOCK TABLES `follow` WRITE;
/*!40000 ALTER TABLE `follow` DISABLE KEYS */;
INSERT INTO `follow` VALUES (1,1,2,'2022-02-16 06:26:41','2022-02-17 15:01:36',1,1),(3,3,2,'2022-02-18 05:52:58','2022-02-18 05:52:58',1,1),(4,4,2,'2022-02-18 05:53:02','2022-02-18 05:53:02',1,1),(5,2,1,'2022-04-26 04:08:39','2022-06-01 09:03:13',1,1),(6,2,3,'2022-05-13 12:43:48',NULL,1,1),(7,2,4,'2022-05-13 12:43:48',NULL,1,1),(9,1,21,'2022-05-14 06:19:17',NULL,1,1),(10,2,21,'2022-05-14 06:19:17',NULL,1,1),(11,3,21,'2022-05-14 06:19:17',NULL,1,1),(12,4,21,'2022-05-14 06:19:18',NULL,1,1),(13,5,21,'2022-05-14 06:19:18',NULL,1,1),(14,6,21,'2022-05-14 06:19:18',NULL,1,1),(16,1,25,'2022-05-28 09:08:03',NULL,1,1),(17,2,25,'2022-05-28 09:15:01',NULL,1,1),(18,3,25,'2022-05-28 09:15:01',NULL,1,1),(19,25,1,'2022-05-28 09:15:01','2022-06-01 11:18:16',1,1),(20,25,2,'2022-05-28 09:15:01',NULL,1,1),(21,25,3,'2022-05-28 09:15:01',NULL,1,1),(22,3,1,'2022-06-01 06:58:26','2022-06-01 06:59:01',1,1),(23,21,1,'2022-06-01 07:03:44','2022-06-01 07:03:44',1,1),(28,20,1,'2022-06-01 09:03:30','2022-06-01 09:03:30',1,1),(29,4,1,'2022-06-01 09:57:05','2022-06-01 09:57:09',1,1);
/*!40000 ALTER TABLE `follow` ENABLE KEYS */;
UNLOCK TABLES;

--
-- Table structure for table `message`
--

DROP TABLE IF EXISTS `message`;
/*!40101 SET @saved_cs_client     = @@character_set_client */;
/*!50503 SET character_set_client = utf8mb4 */;
CREATE TABLE `message` (
  `id` int NOT NULL AUTO_INCREMENT,
  `message` text COLLATE utf8mb4_unicode_ci,
  `type` tinyint DEFAULT NULL,
  `status` tinyint DEFAULT NULL,
  `chat_group_id` int NOT NULL,
  `user_id` int NOT NULL,
  `reply_message_id` int DEFAULT NULL,
  `create_date` timestamp NULL DEFAULT CURRENT_TIMESTAMP,
  `update_date` timestamp NULL DEFAULT CURRENT_TIMESTAMP,
  PRIMARY KEY (`id`),
  KEY `fk_message_user_id` (`user_id`),
  KEY `fk_message_group_id` (`chat_group_id`),
  KEY `fk_mesage_reply_mesage_id_idx` (`reply_message_id`),
  CONSTRAINT `fk_mesage_reply_mesage_id` FOREIGN KEY (`reply_message_id`) REFERENCES `message` (`id`),
  CONSTRAINT `fk_message_group_id` FOREIGN KEY (`chat_group_id`) REFERENCES `chat_group` (`id`),
  CONSTRAINT `fk_message_user_id` FOREIGN KEY (`user_id`) REFERENCES `user` (`id`)
) ENGINE=InnoDB AUTO_INCREMENT=82 DEFAULT CHARSET=utf8mb4 COLLATE=utf8mb4_unicode_ci;
/*!40101 SET character_set_client = @saved_cs_client */;

--
-- Dumping data for table `message`
--

LOCK TABLES `message` WRITE;
/*!40000 ALTER TABLE `message` DISABLE KEYS */;
INSERT INTO `message` VALUES (1,'In at fermentum dolor. Nam hendrerit felis ac nulla semper, in placerat ligula efficitur. Quisque fringilla eget massa non tempus.',0,1,1,1,NULL,'2022-06-05 05:27:45','2022-06-05 05:27:45'),(2,'Mauris vel porta metus. Maecenas nec nibh pretium felis laoreet elementum. Donec eget bibendum sapien. Nunc egestas quis elit ac.',0,1,1,2,NULL,'2022-06-05 06:13:56','2022-06-05 06:13:56'),(3,'Lorem is sum is sit amet',0,1,1,1,NULL,'2022-06-05 08:10:43','2022-06-05 08:10:43'),(4,'Lorem is sum is sit amet reply',0,1,1,1,3,'2022-06-05 08:11:50','2022-06-05 08:11:50'),(5,'what\'s up?',0,1,1,2,NULL,'2022-06-06 07:48:12','2022-06-06 07:48:12'),(6,'Message 165544056934',NULL,1,17,1,NULL,'2022-06-17 04:36:27','2022-06-17 04:36:27'),(7,'Message 165544062018',NULL,1,17,1,NULL,'2022-06-17 04:37:09','2022-06-17 04:37:09'),(8,'Message 165544062018',NULL,1,17,1,NULL,'2022-06-17 04:37:09','2022-06-17 04:37:09'),(9,'halola',NULL,1,17,3,NULL,'2022-06-17 04:41:40','2022-06-17 04:41:40'),(10,'Message 165544086613',NULL,1,17,3,NULL,'2022-06-17 04:41:47','2022-06-17 04:41:47'),(11,'Lorena\'s sum',NULL,1,17,3,NULL,'2022-06-17 04:41:57','2022-06-17 04:41:57'),(12,'Lorena Loren is dhons',NULL,1,17,3,NULL,'2022-06-17 04:42:09','2022-06-17 04:42:09'),(13,'Message 165544086613',NULL,1,17,3,NULL,'2022-06-17 04:42:11','2022-06-17 04:42:11'),(14,'Message 165544105934',NULL,1,17,1,NULL,'2022-06-17 04:44:27','2022-06-17 04:44:27'),(15,'Message 16554410122',NULL,1,17,1,NULL,'2022-06-17 04:44:52','2022-06-17 04:44:52'),(16,'Message 165544196950jj',NULL,1,17,1,NULL,'2022-06-17 04:59:51','2022-06-17 04:59:51'),(17,'Message 16554419808',NULL,1,17,1,NULL,'2022-06-17 04:59:58','2022-06-17 04:59:58'),(18,'Message 16554429672',NULL,1,17,3,NULL,'2022-06-17 05:16:17','2022-06-17 05:16:17'),(19,'Message 16554429646',NULL,1,17,1,NULL,'2022-06-17 05:16:20','2022-06-17 05:16:20'),(20,'bbdbd',NULL,1,17,3,NULL,'2022-06-17 05:17:18','2022-06-17 05:17:18'),(21,'Message 1655442984',NULL,1,17,1,NULL,'2022-06-17 05:17:25','2022-06-17 05:17:25'),(22,'hibabe',NULL,1,17,3,NULL,'2022-06-17 05:17:31','2022-06-17 05:17:31'),(23,'hibabejf',NULL,1,17,3,NULL,'2022-06-17 05:17:38','2022-06-17 05:17:38'),(24,'hibabejfj',NULL,1,17,3,NULL,'2022-06-17 05:17:38','2022-06-17 05:17:38'),(25,'hibabejfj',NULL,1,17,3,NULL,'2022-06-17 05:17:38','2022-06-17 05:17:38'),(26,'Message 1655442984',NULL,1,17,1,NULL,'2022-06-17 05:17:42','2022-06-17 05:17:42'),(27,'??',NULL,1,7,3,NULL,'2022-06-17 05:19:57','2022-06-17 05:19:57'),(28,'???????',NULL,1,7,3,NULL,'2022-06-17 05:20:01','2022-06-17 05:20:01'),(29,'Message 1655443160791?',NULL,1,7,1,NULL,'2022-06-17 05:20:11','2022-06-17 05:20:11'),(30,'Message 1655443221?',NULL,1,17,3,NULL,'2022-06-17 05:20:32','2022-06-17 05:20:32'),(31,'Message 1655443236382by ',NULL,1,7,3,NULL,'2022-06-17 05:20:54','2022-06-17 05:20:54'),(32,'Message 1655443',NULL,1,7,1,NULL,'2022-06-17 05:20:56','2022-06-17 05:20:56'),(33,'? haha',NULL,1,7,3,NULL,'2022-06-17 05:21:35','2022-06-17 05:21:35'),(34,'? ? ',NULL,1,7,3,NULL,'2022-06-17 05:21:43','2022-06-17 05:21:43'),(35,'? ? ? ',NULL,1,7,3,NULL,'2022-06-17 05:21:53','2022-06-17 05:21:53'),(36,'Message 165544329719',NULL,1,7,1,NULL,'2022-06-17 05:21:58','2022-06-17 05:21:58'),(37,'Message 1655443328578jc',NULL,1,1,3,NULL,'2022-06-17 05:22:15','2022-06-17 05:22:15'),(38,'Message 1655443337726:-\\(*_*)(*_*)',NULL,1,1,1,NULL,'2022-06-17 05:22:50','2022-06-17 05:22:50'),(39,'???',NULL,1,1,3,NULL,'2022-06-17 05:23:00','2022-06-17 05:23:00'),(40,'Message 1655443337726:-\\(*_*)(*_*)',NULL,1,1,1,NULL,'2022-06-17 05:23:07','2022-06-17 05:23:07'),(41,'hfihih',NULL,1,17,1,NULL,'2022-06-17 06:03:10','2022-06-17 06:03:10'),(42,'hfihih',NULL,1,17,1,NULL,'2022-06-17 06:03:14','2022-06-17 06:03:14'),(43,'cac',NULL,1,17,1,NULL,'2022-06-17 06:04:10','2022-06-17 06:04:10'),(44,'hi duy',NULL,1,17,3,NULL,'2022-06-17 06:19:25','2022-06-17 06:19:25'),(45,'what\'s up? ',NULL,1,17,3,NULL,'2022-06-17 06:21:01','2022-06-17 06:21:01'),(46,'what\'s up? ',NULL,1,17,3,NULL,'2022-06-17 06:21:24','2022-06-17 06:21:24'),(47,'Message 165544688904',NULL,1,17,1,NULL,'2022-06-17 06:21:47','2022-06-17 06:21:47'),(48,'what\'s up? ',NULL,1,17,3,NULL,'2022-06-17 06:25:48','2022-06-17 06:25:48'),(49,'??',NULL,1,17,3,NULL,'2022-06-17 06:29:22','2022-06-17 06:29:22'),(50,'?????',NULL,1,17,3,NULL,'2022-06-17 06:29:35','2022-06-17 06:29:35'),(51,'?',NULL,1,17,3,NULL,'2022-06-17 06:30:53','2022-06-17 06:30:53'),(52,'????????',NULL,1,17,3,NULL,'2022-06-17 06:31:02','2022-06-17 06:31:02'),(53,'?',NULL,1,17,3,NULL,'2022-06-17 06:31:18','2022-06-17 06:31:18'),(54,'Message 16554483943',NULL,1,17,1,NULL,'2022-06-17 06:48:11','2022-06-17 06:48:11'),(55,'###',NULL,1,17,3,NULL,'2022-06-17 06:48:35','2022-06-17 06:48:35'),(56,'Message 16554483943',NULL,1,17,1,NULL,'2022-06-17 06:48:39','2022-06-17 06:48:39'),(57,'Message 1655448524889bdbbbdh',NULL,1,17,3,NULL,'2022-06-17 06:48:54','2022-06-17 06:48:54'),(58,'?',NULL,1,17,3,NULL,'2022-06-17 07:15:56','2022-06-17 07:15:56'),(59,'Message 1655450088',NULL,1,17,1,NULL,'2022-06-17 07:16:09','2022-06-17 07:16:09'),(60,'????',NULL,1,17,3,NULL,'2022-06-17 07:16:17','2022-06-17 07:16:17'),(61,'???',NULL,1,17,3,NULL,'2022-06-17 07:16:31','2022-06-17 07:16:31'),(62,'Message 16554506989',NULL,1,17,1,NULL,'2022-06-17 07:25:25','2022-06-17 07:25:25'),(63,'Message 16554506989',NULL,1,17,1,NULL,'2022-06-17 07:25:44','2022-06-17 07:25:44'),(64,'Message 165545167963',NULL,1,7,1,NULL,'2022-06-17 07:41:40','2022-06-17 07:41:40'),(65,'Message 16554562170',NULL,1,17,3,NULL,'2022-06-17 08:57:33','2022-06-17 08:57:33'),(66,'Message 16554562170',NULL,1,17,3,NULL,'2022-06-17 08:57:34','2022-06-17 08:57:34'),(67,'Message 16554562692',NULL,1,17,1,NULL,'2022-06-17 08:58:08','2022-06-17 08:58:08'),(68,'Message 16554562692(*_*)',NULL,1,17,1,NULL,'2022-06-17 08:58:18','2022-06-17 08:58:18'),(69,'Message 16554562170',NULL,1,17,3,NULL,'2022-06-17 08:58:23','2022-06-17 08:58:23'),(70,'Message',NULL,1,17,3,NULL,'2022-06-17 08:58:36','2022-06-17 08:58:36'),(71,'Message 165545633451',NULL,1,1,3,NULL,'2022-06-17 08:59:00','2022-06-17 08:59:00'),(72,'Message 165545633451',NULL,1,1,3,NULL,'2022-06-17 08:59:31','2022-06-17 08:59:31'),(73,'Message 165545633451Hdhbbdbd',NULL,1,1,3,NULL,'2022-06-17 08:59:36','2022-06-17 08:59:36'),(74,'Message 16554563250',NULL,1,1,1,NULL,'2022-06-17 08:59:41','2022-06-17 08:59:41'),(75,'Message 16554730356',NULL,1,17,1,NULL,'2022-06-17 13:37:33','2022-06-17 13:37:33'),(76,'???',NULL,1,7,1,NULL,'2022-06-17 13:40:20','2022-06-17 13:40:20'),(77,'1:51 PM',NULL,1,1,1,NULL,'2022-06-18 06:51:22','2022-06-18 06:51:22'),(78,'1:51 PM',NULL,1,1,1,NULL,'2022-06-18 06:51:23','2022-06-18 06:51:23'),(79,'Message 1655536014',NULL,1,6,1,NULL,'2022-06-18 07:07:04','2022-06-18 07:07:04'),(80,'Message 1655618872857',NULL,1,17,1,NULL,'2022-06-19 06:07:56','2022-06-19 06:07:56'),(81,'Message 1655622285166',NULL,1,17,1,NULL,'2022-06-19 07:04:49','2022-06-19 07:04:49');
/*!40000 ALTER TABLE `message` ENABLE KEYS */;
UNLOCK TABLES;

--
-- Table structure for table `message_attachment`
--

DROP TABLE IF EXISTS `message_attachment`;
/*!40101 SET @saved_cs_client     = @@character_set_client */;
/*!50503 SET character_set_client = utf8mb4 */;
CREATE TABLE `message_attachment` (
  `id` int NOT NULL AUTO_INCREMENT,
  `file_upload_id` int NOT NULL,
  `message_id` int NOT NULL,
  `description` text COLLATE utf8mb4_unicode_ci,
  `status` tinyint DEFAULT NULL,
  `create_date` timestamp NULL DEFAULT CURRENT_TIMESTAMP,
  `update_date` timestamp NULL DEFAULT CURRENT_TIMESTAMP,
  PRIMARY KEY (`id`),
  KEY `fk_message_att_file_upload_id` (`file_upload_id`),
  KEY `fk_message_att_message_id` (`message_id`),
  CONSTRAINT `fk_message_att_file_upload_id` FOREIGN KEY (`file_upload_id`) REFERENCES `file_upload` (`id`),
  CONSTRAINT `fk_message_att_message_id` FOREIGN KEY (`message_id`) REFERENCES `message` (`id`)
) ENGINE=InnoDB DEFAULT CHARSET=utf8mb4 COLLATE=utf8mb4_unicode_ci;
/*!40101 SET character_set_client = @saved_cs_client */;

--
-- Dumping data for table `message_attachment`
--

LOCK TABLES `message_attachment` WRITE;
/*!40000 ALTER TABLE `message_attachment` DISABLE KEYS */;
/*!40000 ALTER TABLE `message_attachment` ENABLE KEYS */;
UNLOCK TABLES;

--
-- Table structure for table `post`
--

DROP TABLE IF EXISTS `post`;
/*!40101 SET @saved_cs_client     = @@character_set_client */;
/*!50503 SET character_set_client = utf8mb4 */;
CREATE TABLE `post` (
  `id` int NOT NULL AUTO_INCREMENT,
  `caption` longtext COLLATE utf8mb4_unicode_ci NOT NULL,
  `user_id` int NOT NULL,
  `create_date` timestamp NULL DEFAULT CURRENT_TIMESTAMP,
  `update_date` timestamp NULL DEFAULT NULL,
  `active` int DEFAULT '1',
  `status` int DEFAULT '1',
  `type` int DEFAULT '1',
  PRIMARY KEY (`id`),
  KEY `pk_user_post_id` (`user_id`),
  CONSTRAINT `pk_user_post_id` FOREIGN KEY (`user_id`) REFERENCES `user` (`id`)
) ENGINE=InnoDB AUTO_INCREMENT=112 DEFAULT CHARSET=utf8mb4 COLLATE=utf8mb4_unicode_ci;
/*!40101 SET character_set_client = @saved_cs_client */;

--
-- Dumping data for table `post`
--

LOCK TABLES `post` WRITE;
/*!40000 ALTER TABLE `post` DISABLE KEYS */;
INSERT INTO `post` VALUES (5,'Nm nay mn c i du lch u khng?',2,'2022-02-21 14:54:59','2022-02-21 14:54:59',1,1,1),(6,'Nm nay mn c i du lch u khng?',2,'2022-02-21 14:59:49','2022-02-21 14:59:49',1,1,1),(9,'Du lich nha trang?',2,'2022-02-22 05:25:33','2022-02-22 05:25:33',1,1,1),(10,'It is a long established fact that a reader will be distracted by the readable content of a page when looking at its layout. The point of using Lorem Ipsum is that it has a more-or-less normal distribution of letters, as opposed to using \'Content here, content here\', making it look like readable English. Many desktop publishing packages and web page editors now use Lorem Ipsum as their default model text, and a search for \'lorem ipsum\' will uncover many web sites still in their infancy. Various versions have evolved over the years, sometimes by accident, sometimes on purpose (injected humour and the like).',3,'2022-04-25 06:46:08','2022-04-25 06:46:08',1,1,1),(11,'Today is a good day!! :))',3,'2022-04-25 07:17:55','2022-04-25 07:17:55',1,0,0),(13,'hi',1,'2022-04-26 02:35:59','2022-04-26 02:35:59',1,0,0),(27,'kddevit story',1,'2022-04-26 04:06:05','2022-04-26 04:06:05',1,0,0),(28,'kddevit story',1,'2022-04-26 06:17:45','2022-04-26 06:17:45',1,0,0),(29,'lorem is sum is sit a met',3,'2022-04-26 06:22:17','2022-04-26 06:22:17',1,0,0),(30,'18130060@nkd lorem is sum is sit a met.',2,'2022-04-26 07:51:21','2022-04-26 07:51:21',1,0,0),(31,'User: kddevit1 post at 1651413825593',1,'2022-05-01 14:05:50','2022-05-01 14:05:50',1,0,0),(32,'User: kddevit1 post at 1651466257531',1,'2022-05-02 04:37:41','2022-05-02 04:37:41',1,0,0),(33,'Ranny day! ',1,'2022-05-02 06:37:39','2022-05-02 06:37:39',1,0,0),(34,'User: kddevit1 post at 1651492925420',1,'2022-05-02 12:02:10','2022-05-02 12:02:10',1,0,0),(35,'User: 18130060nkd2 post at 1651503012108',2,'2022-05-02 14:50:15','2022-05-02 14:50:15',1,0,0),(36,'User: kddevit1 post at 1651548409468',1,'2022-05-03 03:26:54','2022-05-03 03:26:54',1,0,0),(37,'User: 18130060nkd2 post at 1651557617882',2,'2022-05-03 06:00:21','2022-05-03 06:00:21',1,0,0),(38,'User: 18130060nkd2 post at 1651557970932',2,'2022-05-03 06:06:13','2022-05-03 06:06:13',1,0,0),(39,'User: 18130060nkd2 post at 1651558203580',2,'2022-05-03 06:10:07','2022-05-03 06:10:07',1,0,0),(40,'User: 18130060nkd2 post at 1651565020467',2,'2022-05-03 08:04:21','2022-05-03 08:04:21',1,0,0),(41,'User: kddevit1 post at 1651587591837',1,'2022-05-03 14:21:59','2022-05-03 14:21:59',1,0,0),(42,'BMW S1000RR ',1,'2022-05-04 12:21:32','2022-05-04 12:21:32',1,0,0),(43,'',1,'2022-05-04 12:26:50','2022-05-04 12:26:50',1,0,0),(44,'User: kddevit1 post at 1651667514725',1,'2022-05-04 12:32:24','2022-05-04 12:32:24',1,1,1),(45,'Linh ta linh tinh cheu mua 05-04-2022',2,'2022-05-04 12:41:14','2022-05-04 12:41:14',1,0,0),(46,'User: kddevit1 post at 1651673232539',1,'2022-05-04 14:07:47','2022-05-04 14:07:47',1,0,0),(47,'User: kddevit1 post at 1651673736832',1,'2022-05-04 14:15:39','2022-05-04 14:15:39',1,0,0),(48,'User: kddevit1 post at 1651674039037',1,'2022-05-04 14:20:56','2022-05-04 14:20:56',1,0,0),(49,'User: kddevit1 post at 1651674147905',1,'2022-05-04 14:22:28','2022-05-04 14:22:28',1,0,0),(50,'User: kddevit1 post at 1651674632168',1,'2022-05-04 14:30:52','2022-05-04 14:30:52',1,0,0),(51,'User: 18130060nkd2 post at 1651675218105',2,'2022-05-04 14:40:27','2022-05-04 14:40:27',1,0,0),(52,'User: 18130060nkd2 post at 1651675232197',2,'2022-05-04 14:40:55','2022-05-04 14:40:55',1,0,0),(53,'asdjkfgjjjkskjsdfgj',20,'2022-05-08 02:38:41','2022-05-08 02:38:41',1,0,0),(55,'Bng nhn ra hng i\n\nPh vo trong gi se\n\nSng chng chnh qua ng\n\nHnh nh thu  v',1,'2022-05-13 16:22:19','2022-05-13 16:22:19',1,0,0),(56,'User: kddevit1 post at 1652501304494Aliquam quis mauris at ex sollicitudin sagittis mollis ut purus.\nNulla cursus erat nec dui sagittis pellentesque molestie sit amet nisl.\nNullam a libero ultricies, lacinia sem sed, elementum nisl.\nNullam tempor nisl nec viverra facilisis.\nMaecenas volutpat leo a ipsum tincidunt, vitae sollicitudin libero posuere.\nSuspendisse commodo nulla non fringilla pretium.\nProin malesuada eros eu tincidunt auctor.\nEtiam eget justo vestibulum, euismod ante ac, tempus tortor.\nProin sed orci sit amet lorem ultricies rutrum nec at orci.\nVestibulum sit amet enim tempus, sollicitudin lectus vitae, rhoncus massa.\nInteger vitae felis a nisl porttitor molestie.\nCras mollis erat sit amet nisl efficitur facilisis.\nAenean eget felis at arcu venenatis euismod in tempor tellus.\nInteger nec mi sollicitudin, pharetra elit bibendum,\n',1,'2022-05-14 04:10:47','2022-05-14 04:10:47',1,0,0),(57,'User: kddevit1 post at 1652502161684',1,'2022-05-14 04:23:20','2022-05-14 04:23:20',1,0,0),(58,'User: kddevit1 post at 1652502799408',1,'2022-05-14 04:33:22','2022-05-14 04:33:22',1,0,0),(59,'User: kddevit1 post at 1652504089010',1,'2022-05-14 04:55:09','2022-05-14 04:55:09',1,0,0),(60,'User: kddevit1 post at 1652504268327',1,'2022-05-14 04:57:52','2022-05-14 04:57:52',1,0,0),(61,'User: kddevit1 post at 1652504438818',1,'2022-05-14 05:00:41','2022-05-14 05:00:41',1,0,0),(62,'User: kddevit1 post at 1652506487042',1,'2022-05-14 05:34:49','2022-05-14 05:34:49',1,0,0),(63,'User: kddevit1 post at 1652506508189',1,'2022-05-14 05:35:30','2022-05-14 05:35:30',1,0,0),(64,'User: kddevit1 post at 1652506716186',1,'2022-05-14 05:38:39','2022-05-14 05:38:39',1,0,0),(65,'User: khanhduy211223 post at 1652506872406',3,'2022-05-14 05:41:15','2022-05-14 05:41:15',1,0,0),(66,'cp i tht p',21,'2022-05-14 06:22:53','2022-05-14 06:22:53',1,0,0),(67,'',21,'2022-05-14 06:23:45','2022-05-14 06:23:45',1,0,0),(68,'',21,'2022-05-14 08:02:49','2022-05-14 08:02:49',1,1,1),(69,'',21,'2022-05-14 08:07:40','2022-05-14 08:07:40',1,1,1),(70,'duy dep tai\r',1,'2022-05-14 08:25:26','2022-05-14 08:25:26',0,0,1),(71,'chpksbfjwjxbjakandbdbsjajakdk',21,'2022-05-14 08:51:09','2022-05-14 08:51:09',1,1,1),(72,'User: kddevit1 post at 1652630723226',1,'2022-05-15 16:06:59','2022-05-15 16:06:59',1,0,0),(73,'eeeeeeeee',1,'2022-05-15 16:08:53','2022-05-15 16:08:53',1,1,1),(74,'',1,'2022-05-15 16:29:20','2022-05-15 16:29:20',1,1,1),(75,'User: kddevit1 post at 1652632313126',1,'2022-05-15 16:32:03','2022-05-15 16:32:03',1,0,0),(76,'User: kddevit1 post at 1652632325682',1,'2022-05-15 16:33:16','2022-05-15 16:33:16',1,0,0),(77,'Traveling Social App',2,'2022-05-15 16:37:14','2022-05-15 16:37:14',1,1,1),(78,'Lorem ipsum dolor sit amet, consectetur adipiscing elit. Vivamus sed sagittis dolor, sit amet sollicitudin est. Vestibulum in gravida dui. Donec feugiat pellentesque pulvinar. Phasellus vel nisl libero.',1,'2022-05-18 06:26:47','2022-05-23 06:35:29',1,0,1),(79,'',1,'2022-05-18 16:08:18','2022-05-18 16:08:18',1,1,1),(80,'',1,'2022-05-18 17:00:31','2022-05-23 06:35:01',1,0,1),(81,'',1,'2022-05-18 17:08:36','2022-05-23 06:34:03',1,0,1),(82,'',1,'2022-05-18 17:27:09','2022-05-23 06:31:19',1,0,1),(83,'imae',1,'2022-05-18 17:28:28','2022-05-22 10:13:37',1,0,1),(84,'Ducati',2,'2022-05-19 06:28:08','2022-05-19 06:28:08',1,2,1),(85,'',2,'2022-05-19 06:31:45','2022-05-19 06:31:45',1,2,1),(86,'yii',2,'2022-05-19 15:49:14','2022-05-19 15:49:14',NULL,1,1),(87,'',2,'2022-05-19 15:50:46','2022-05-19 15:50:46',NULL,1,1),(88,'User: 18130060nkd2 post at 1652976274020',2,'2022-05-19 16:05:04','2022-05-19 16:05:04',NULL,0,0),(89,'Loaf asflh orupa',2,'2022-05-20 05:44:25','2022-05-20 05:44:25',NULL,1,1),(90,'User: 18130060nkd2 post at 1653028113080',2,'2022-05-20 06:29:10','2022-05-20 06:29:10',NULL,1,0),(91,'User: kddevit1 post at 1653028808491',1,'2022-05-20 06:41:02','2022-05-20 06:41:02',NULL,1,0),(92,'shit',1,'2022-05-20 09:53:31','2022-05-22 10:01:28',NULL,0,1),(93,'',1,'2022-05-22 10:34:37','2022-05-22 10:34:59',NULL,0,1),(94,'hihi',1,'2022-05-23 09:00:43','2022-05-23 09:34:02',NULL,0,1),(95,'nno',1,'2022-05-24 09:32:56','2022-05-24 09:33:21',NULL,0,1),(96,'User: kddevit1 post at 1653632415324',1,'2022-05-27 06:21:40','2022-05-27 06:21:40',NULL,1,0),(97,'User: 18130060nkd2 post at 1653632691912',2,'2022-05-27 06:28:15','2022-05-27 06:28:15',NULL,1,0),(98,'User: 18130060nkd2 post at 1653633157632',2,'2022-05-27 06:40:08','2022-05-27 06:40:08',NULL,1,0),(99,'User: khanhduy211223 post at 1653633661558',3,'2022-05-27 06:42:22','2022-05-27 06:42:22',NULL,1,0),(100,'2018 Co vai',1,'2022-05-27 07:17:38','2022-05-29 05:23:53',NULL,0,1),(101,'User: khanhduy2112325 post at 1653729140580',25,'2022-05-28 09:13:15','2022-05-28 09:13:15',NULL,1,0),(102,'User: khanhduy2112325 post at 1653756022685',25,'2022-05-28 16:41:07','2022-05-29 07:18:37',NULL,0,0),(103,'User: khanhduy2112325 post at 1653756406436',25,'2022-05-28 16:46:50','2022-05-29 06:30:45',NULL,0,0),(104,'User: 18130060nkd2 post at 1653757672289',2,'2022-05-28 17:08:19','2022-05-29 06:26:52',NULL,0,0),(105,'wewqryowyrioweyeyriowyeruio',1,'2022-05-29 05:56:03','2022-05-29 05:56:03',NULL,1,1),(106,'User: khanhduy2112325 post at 1653807680089',25,'2022-05-29 07:01:35','2022-05-29 07:08:07',NULL,0,0),(107,'User: khanhduy2112325 post at 1653808811731',25,'2022-05-29 07:21:15','2022-05-29 07:21:15',NULL,1,0),(108,'User: khanhduy2112325 post at 1653808897890',25,'2022-05-29 07:22:10','2022-05-29 08:49:06',NULL,0,0),(109,'',25,'2022-05-29 07:22:58','2022-05-29 07:22:58',NULL,1,1),(110,'Hi!!!',1,'2022-06-01 11:14:24','2022-06-01 11:14:24',NULL,1,1),(111,'Text Story Lorem isum is sit amet',1,'2022-06-01 11:38:55','2022-06-01 11:38:55',NULL,1,0);
/*!40000 ALTER TABLE `post` ENABLE KEYS */;
UNLOCK TABLES;

--
-- Table structure for table `post_comment`
--

DROP TABLE IF EXISTS `post_comment`;
/*!40101 SET @saved_cs_client     = @@character_set_client */;
/*!50503 SET character_set_client = utf8mb4 */;
CREATE TABLE `post_comment` (
  `id` int NOT NULL AUTO_INCREMENT,
  `content` text,
  `attachment_id` int DEFAULT NULL,
  `user_id` int NOT NULL,
  `post_id` int DEFAULT NULL,
  `parent_comment_id` int DEFAULT NULL,
  `status` tinyint DEFAULT '1',
  `create_date` timestamp NULL DEFAULT CURRENT_TIMESTAMP,
  `update_date` timestamp NULL DEFAULT CURRENT_TIMESTAMP,
  PRIMARY KEY (`id`),
  KEY `fk_cmt_post_id_idx` (`post_id`),
  KEY `fk_cmt_user_id_idx` (`user_id`),
  KEY `fk_cmt_attchment_id_idx` (`attachment_id`),
  KEY `fk_parent_comment_id_idx` (`parent_comment_id`),
  CONSTRAINT `fk_cmt_attchment_id` FOREIGN KEY (`attachment_id`) REFERENCES `file_upload` (`id`),
  CONSTRAINT `fk_cmt_post_id` FOREIGN KEY (`post_id`) REFERENCES `post` (`id`),
  CONSTRAINT `fk_cmt_user_id` FOREIGN KEY (`user_id`) REFERENCES `user` (`id`),
  CONSTRAINT `fk_parent_comment_id` FOREIGN KEY (`parent_comment_id`) REFERENCES `post_comment` (`id`)
) ENGINE=InnoDB AUTO_INCREMENT=236 DEFAULT CHARSET=utf8mb4 COLLATE=utf8mb4_0900_ai_ci;
/*!40101 SET character_set_client = @saved_cs_client */;

--
-- Dumping data for table `post_comment`
--

LOCK TABLES `post_comment` WRITE;
/*!40000 ALTER TABLE `post_comment` DISABLE KEYS */;
INSERT INTO `post_comment` VALUES (2,'Fusce nec lacus vitae nisl porta aliquet. Nam vel cursus.',NULL,2,11,NULL,1,'2022-05-11 09:35:46','2022-05-11 09:35:46'),(3,'Morbi porttitor semper odio sed lobortis. Donec pharetra, erat a.',NULL,1,11,2,1,'2022-05-11 09:36:05','2022-05-11 09:36:05'),(4,'Suspendisse non augue turpis. Vestibulum sed porttitor quam, eget finibus.',NULL,3,11,NULL,1,'2022-05-11 09:36:21','2022-05-11 09:36:21'),(5,'Mauris mollis orci sem, sit amet hendrerit lacus posuere a.',NULL,2,5,NULL,1,'2022-05-11 15:42:54','2022-05-11 15:42:54'),(6,'Mauris mollis orci sem, sit amet hendrerit lacus posuere a.22222222222222',NULL,2,5,5,1,'2022-05-11 15:46:07','2022-05-11 15:46:07'),(7,'58 comment',NULL,2,9,NULL,1,'2022-05-13 12:37:40','2022-05-13 12:37:40'),(8,'262 comment',NULL,2,9,NULL,1,'2022-05-13 12:38:28','2022-05-13 12:38:28'),(9,'421 comment',NULL,2,9,NULL,1,'2022-05-13 12:40:46','2022-05-13 12:40:46'),(10,'895 comment',NULL,1,9,NULL,1,'2022-05-13 12:57:32','2022-05-13 12:57:32'),(11,'How could u get that shit man @@',NULL,2,10,NULL,1,'2022-05-13 15:05:29','2022-05-13 15:05:29'),(12,'sdfgdfg',NULL,1,9,7,1,'2022-05-14 03:15:17','2022-05-14 03:15:17'),(13,'77 comment',NULL,1,6,NULL,1,'2022-05-14 05:39:00','2022-05-14 05:39:00'),(14,'bn nhiu',NULL,21,10,NULL,1,'2022-05-14 06:20:11','2022-05-14 06:20:11'),(15,'948 comment',NULL,21,10,NULL,1,'2022-05-14 06:28:38','2022-05-14 06:28:38'),(16,'29 comment',NULL,3,5,NULL,1,'2022-05-14 12:52:43','2022-05-14 12:52:43'),(17,'Lorem ipsum dolor sit amet, consectetur adipiscing elit.Proin tincidunt tortor finibus, semper neque vel, interdum orci.Duis a arcu at arcu viverra porttitor.',NULL,3,6,NULL,1,'2022-05-14 13:15:36','2022-05-14 13:15:36'),(18,'Lorem ipsum dolor sit amet, consectetur adipiscing elit.Proin tincidunt tortor finibus, semper neque vel, interdum orci.Duis a arcu at arcu viverra porttitor.',NULL,3,10,NULL,1,'2022-05-14 13:16:59','2022-05-14 13:16:59'),(19,'41 comment',NULL,3,5,NULL,1,'2022-05-14 14:08:10','2022-05-14 14:08:10'),(20,'92 comment',NULL,3,10,NULL,1,'2022-05-15 03:26:49','2022-05-15 03:26:49'),(21,'@kddevit h',NULL,1,9,NULL,1,'2022-05-15 07:54:29','2022-05-15 07:54:29'),(22,'168 comment',NULL,1,70,NULL,1,'2022-05-15 07:56:49','2022-05-15 07:56:49'),(23,'671 comment',NULL,1,77,NULL,1,'2022-05-16 08:37:46','2022-05-16 08:37:46'),(24,'19 comment',NULL,1,77,NULL,1,'2022-05-16 08:38:05','2022-05-16 08:38:05'),(25,'171 comment',NULL,1,77,NULL,1,'2022-05-16 08:39:48','2022-05-16 08:39:48'),(26,'614 comment',NULL,1,77,NULL,1,'2022-05-16 08:40:30','2022-05-16 08:40:30'),(27,'657 comment',NULL,1,77,NULL,1,'2022-05-17 08:06:55','2022-05-17 08:06:55'),(28,'258 comment',NULL,1,70,NULL,1,'2022-05-17 08:11:55','2022-05-17 08:11:55'),(29,'195 commentssds',NULL,1,77,23,1,'2022-05-17 09:28:50','2022-05-17 09:28:50'),(30,'658 commentasdfasdfafsdsdf',NULL,1,77,24,1,'2022-05-17 09:30:53','2022-05-17 09:30:53'),(31,'sdssd',NULL,1,77,30,1,'2022-05-17 09:31:01','2022-05-17 09:31:01'),(32,'123',NULL,1,77,30,1,'2022-05-17 09:31:07','2022-05-17 09:31:07'),(33,'587 comment',NULL,2,77,27,1,'2022-05-17 09:33:45','2022-05-17 09:33:45'),(34,'917 comment',NULL,2,77,33,1,'2022-05-17 09:34:46','2022-05-17 09:34:46'),(35,'458 comment',NULL,1,74,NULL,1,'2022-05-17 09:36:53','2022-05-17 09:36:53'),(36,'802 comment',NULL,2,77,34,1,'2022-05-17 09:39:44','2022-05-17 09:39:44'),(37,'835 comment',NULL,2,77,33,1,'2022-05-17 09:40:00','2022-05-17 09:40:00'),(38,'227 comment',NULL,2,77,26,1,'2022-05-17 09:41:22','2022-05-17 09:41:22'),(39,'83 comment',NULL,2,77,25,1,'2022-05-17 09:41:52','2022-05-17 09:41:52'),(40,'22 comment',NULL,2,77,39,1,'2022-05-17 09:42:07','2022-05-17 09:42:07'),(41,'664 comment',NULL,2,77,NULL,0,'2022-05-17 09:42:34','2022-05-17 15:28:59'),(42,'590 comment',NULL,2,77,41,0,'2022-05-17 09:42:51','2022-05-17 14:14:30'),(43,'dwryujbfjh',NULL,2,77,41,0,'2022-05-17 09:43:26','2022-05-17 14:14:03'),(44,'fjmnbffggghhggvj',NULL,2,77,42,0,'2022-05-17 09:43:36','2022-05-17 14:14:16'),(45,'fghbfssr',NULL,2,77,NULL,0,'2022-05-17 09:43:45','2022-05-17 14:13:28'),(46,'zdyyuknb',NULL,2,77,45,1,'2022-05-17 09:43:53','2022-05-17 09:43:53'),(47,'dfhh',NULL,2,77,NULL,1,'2022-05-17 09:44:05','2022-05-17 09:44:05'),(48,'dgghh',NULL,2,77,47,1,'2022-05-17 09:44:23','2022-05-17 09:44:23'),(49,'123456',NULL,2,77,48,1,'2022-05-17 09:44:32','2022-05-17 09:44:32'),(50,'206 comment',NULL,2,77,NULL,0,'2022-05-17 09:45:22','2022-05-17 14:31:12'),(51,'a',NULL,2,77,NULL,0,'2022-05-17 09:45:30','2022-05-17 13:49:51'),(52,'12345799',NULL,2,77,51,1,'2022-05-17 09:45:38','2022-05-17 09:45:38'),(53,'484 comment',NULL,2,77,NULL,0,'2022-05-17 09:47:42','2022-05-17 14:34:54'),(54,'fdthbg',NULL,2,77,NULL,0,'2022-05-17 09:47:50','2022-05-17 14:13:41'),(55,'763 comment',NULL,2,77,NULL,0,'2022-05-17 09:48:10','2022-05-17 15:29:06'),(56,'dgjbvfxx',NULL,2,77,NULL,0,'2022-05-17 09:48:15','2022-05-17 15:28:53'),(57,'eyhhgf',NULL,2,77,NULL,0,'2022-05-17 09:48:38','2022-05-17 14:13:51'),(58,'519 comment',NULL,2,77,NULL,0,'2022-05-17 09:49:22','2022-05-17 15:29:03'),(59,'226 comment',NULL,2,74,NULL,1,'2022-05-17 09:49:30','2022-05-17 09:49:30'),(60,'hjutafssdf',NULL,2,74,NULL,1,'2022-05-17 09:49:36','2022-05-17 09:49:36'),(61,'ryhhgfdd',NULL,2,74,60,1,'2022-05-17 09:49:49','2022-05-17 09:49:49'),(62,'sdfgdsfgdfgdfg',NULL,2,74,NULL,1,'2022-05-17 09:49:54','2022-05-17 09:49:54'),(63,'dfgdfg',NULL,2,74,NULL,1,'2022-05-17 09:50:01','2022-05-17 09:50:01'),(64,'Lorem Ipsum is simply dummy text of the printing and typesetting industry. Lorem Ipsum has been the industry\'s standard dummy text ever since the 1500s, when an unknown printer took a galley of type and scrambled it to make a type specimen book. It has survived not only five centuries, but also the leap into electronic typesetting, remaining essentially unchanged. It was popularised in the 1960s with the release of Letraset sheets containing Lorem Ipsum passages, and more recently with desktop publishing software like Aldus PageMaker including versions of Lorem Ipsum.',NULL,2,74,NULL,1,'2022-05-17 09:57:22','2022-05-17 09:57:22'),(65,'2 cu',NULL,2,10,14,1,'2022-05-17 10:06:58','2022-05-17 10:06:58'),(66,'646 comment7891',NULL,2,77,49,1,'2022-05-17 10:15:06','2022-05-17 10:15:06'),(67,'809 comment',NULL,2,77,42,1,'2022-05-17 10:17:59','2022-05-17 10:17:59'),(68,'386 comment',NULL,2,77,46,1,'2022-05-17 10:19:06','2022-05-17 10:19:06'),(69,'gsghcc',NULL,2,77,51,1,'2022-05-17 11:07:31','2022-05-17 11:07:31'),(70,'760 comment',NULL,2,77,51,1,'2022-05-17 11:08:48','2022-05-17 11:08:48'),(71,'yrygg',NULL,2,77,69,1,'2022-05-17 11:09:56','2022-05-17 11:09:56'),(72,'857 comment',NULL,2,77,54,1,'2022-05-17 11:10:17','2022-05-17 11:10:17'),(73,'ur',NULL,2,77,50,1,'2022-05-17 11:10:31','2022-05-17 11:10:31'),(74,'949 commented',NULL,1,77,23,1,'2022-05-17 11:13:07','2022-05-17 11:13:07'),(75,'749 commentgfkj',NULL,1,77,74,1,'2022-05-17 11:14:04','2022-05-17 11:14:04'),(76,'176 comment',NULL,1,77,NULL,1,'2022-05-17 11:16:08','2022-05-17 11:16:08'),(77,'71 comment',NULL,1,77,57,1,'2022-05-17 11:18:40','2022-05-17 11:18:40'),(78,'fk',NULL,1,77,77,1,'2022-05-17 11:19:30','2022-05-17 11:19:30'),(79,'229 comment',NULL,1,77,72,1,'2022-05-17 11:22:26','2022-05-17 11:22:26'),(80,'212 comment',NULL,1,77,27,1,'2022-05-17 11:23:08','2022-05-17 11:23:08'),(81,'f',NULL,1,77,76,1,'2022-05-17 11:23:19','2022-05-17 11:23:19'),(82,'ffd',NULL,1,77,81,1,'2022-05-17 11:23:28','2022-05-17 11:23:28'),(83,'543 comment',NULL,1,77,82,1,'2022-05-17 11:31:09','2022-05-17 11:31:09'),(84,'574 commentf',NULL,2,77,80,1,'2022-05-17 11:32:03','2022-05-17 11:32:03'),(85,'519 comment',NULL,2,77,NULL,0,'2022-05-17 13:14:04','2022-05-17 15:50:09'),(86,'cgh',NULL,2,77,24,1,'2022-05-17 13:14:34','2022-05-17 13:14:34'),(87,'fjid',NULL,2,77,24,1,'2022-05-17 13:14:48','2022-05-17 13:14:48'),(88,'dut',NULL,2,77,24,1,'2022-05-17 13:15:06','2022-05-17 13:15:06'),(89,'840 comment',NULL,1,77,NULL,1,'2022-05-17 13:30:03','2022-05-17 13:30:03'),(90,'hdsg',NULL,1,77,86,1,'2022-05-17 13:30:58','2022-05-17 13:30:58'),(91,'nvvbb',NULL,1,77,24,1,'2022-05-17 13:31:18','2022-05-17 13:31:18'),(92,'ggjjgf',NULL,1,77,87,1,'2022-05-17 13:31:46','2022-05-17 13:31:46'),(93,'hhgggff',NULL,1,77,91,1,'2022-05-17 13:31:58','2022-05-17 13:31:58'),(94,'298 comment comment comment comment',NULL,2,77,47,1,'2022-05-17 14:39:25','2022-05-17 14:39:25'),(95,'hhhfddhjjjhffghhbfffyuvv',NULL,2,77,66,1,'2022-05-17 14:39:37','2022-05-17 14:39:37'),(96,'472 commenttttjhgg',NULL,2,77,24,1,'2022-05-17 15:08:26','2022-05-17 15:08:26'),(97,'472 commenttttjhgg',NULL,2,77,24,0,'2022-05-17 15:08:26','2022-05-17 15:08:38'),(98,'dduy',NULL,2,77,23,1,'2022-05-17 15:08:50','2022-05-17 15:08:50'),(99,'445 comment',NULL,2,77,94,1,'2022-05-17 15:13:44','2022-05-17 15:13:44'),(100,'hdd',NULL,2,77,94,1,'2022-05-17 15:13:56','2022-05-17 15:13:56'),(101,'476 commentqwee',NULL,2,77,94,1,'2022-05-17 15:15:41','2022-05-17 15:15:41'),(102,'746 comment',NULL,2,77,41,1,'2022-05-17 15:19:10','2022-05-17 15:19:10'),(103,'pppppppp1235',NULL,2,77,47,1,'2022-05-17 15:43:12','2022-05-17 15:43:12'),(104,'ggjjte',NULL,2,77,103,1,'2022-05-17 15:52:56','2022-05-17 15:52:56'),(105,'xgh',NULL,2,77,100,1,'2022-05-17 16:06:24','2022-05-17 16:06:24'),(106,'gggggggggggg',NULL,2,77,100,1,'2022-05-17 16:06:42','2022-05-17 16:06:42'),(107,'981 commentyyygg',NULL,2,77,94,1,'2022-05-17 16:09:38','2022-05-17 16:09:38'),(108,'dddddffggggggg',NULL,2,77,101,1,'2022-05-17 16:10:04','2022-05-17 16:10:04'),(109,'vvvbhhjjjjji',NULL,2,77,101,1,'2022-05-17 16:10:12','2022-05-17 16:10:12'),(110,'hhhhhhhhhhhh',NULL,2,77,101,1,'2022-05-17 16:10:37','2022-05-17 16:10:37'),(111,'70 commented',NULL,2,77,107,1,'2022-05-17 16:12:02','2022-05-17 16:12:02'),(112,'yyrrr',NULL,2,77,99,1,'2022-05-17 16:12:17','2022-05-17 16:12:17'),(113,'yyrrr',NULL,2,77,99,1,'2022-05-17 16:12:17','2022-05-17 16:12:17'),(114,'707 commente',NULL,2,77,89,1,'2022-05-17 16:12:30','2022-05-17 16:12:30'),(115,'iy',NULL,2,77,114,1,'2022-05-17 16:12:35','2022-05-17 16:12:35'),(116,'er',NULL,2,77,115,1,'2022-05-17 16:12:40','2022-05-17 16:12:40'),(117,'yu',NULL,2,77,115,1,'2022-05-17 16:12:51','2022-05-17 16:12:51'),(118,'705 comment',NULL,2,77,83,1,'2022-05-17 16:14:55','2022-05-17 16:14:55'),(119,'yyyghh',NULL,2,77,114,1,'2022-05-17 16:15:23','2022-05-17 16:15:23'),(120,'tttttttttttt',NULL,2,77,119,1,'2022-05-17 16:15:34','2022-05-17 16:15:34'),(121,'flashfhshjsdf',NULL,2,77,119,1,'2022-05-17 16:15:45','2022-05-17 16:15:45'),(122,'nguyenkhanhdy',NULL,2,77,38,1,'2022-05-17 16:16:14','2022-05-17 16:16:14'),(123,'duy dep rai',NULL,2,77,122,1,'2022-05-17 16:16:22','2022-05-17 16:16:22'),(124,'666 comment',NULL,2,74,35,1,'2022-05-17 16:18:42','2022-05-17 16:18:42'),(125,'Y',NULL,2,74,124,0,'2022-05-17 16:18:50','2022-05-17 16:19:34'),(126,'a',NULL,2,74,125,1,'2022-05-17 16:18:59','2022-05-17 16:18:59'),(127,'qw',NULL,2,74,124,1,'2022-05-17 16:19:41','2022-05-17 16:19:41'),(128,'gg',NULL,2,74,35,1,'2022-05-17 16:19:51','2022-05-17 16:19:51'),(129,'qwe',NULL,2,74,128,1,'2022-05-17 16:20:07','2022-05-17 16:20:07'),(130,'mni',NULL,2,74,129,1,'2022-05-17 16:20:23','2022-05-17 16:20:23'),(131,'400 commentu',NULL,2,77,117,1,'2022-05-17 16:26:10','2022-05-17 16:26:10'),(132,'gggggg',NULL,2,77,117,1,'2022-05-17 16:26:22','2022-05-17 16:26:22'),(133,'464 comment',NULL,2,77,132,1,'2022-05-17 16:27:33','2022-05-17 16:27:33'),(134,'85 commenthhhh',NULL,2,77,89,1,'2022-05-17 16:29:10','2022-05-17 16:29:10'),(135,'ccccccccccccc',NULL,2,77,115,1,'2022-05-17 16:29:21','2022-05-17 16:29:21'),(136,'cccc',NULL,2,77,115,1,'2022-05-17 16:29:30','2022-05-17 16:29:30'),(137,'17 commenttttttt',NULL,2,77,135,1,'2022-05-17 16:31:53','2022-05-17 16:31:53'),(138,'jjjj',NULL,2,77,115,1,'2022-05-17 16:32:30','2022-05-17 16:32:30'),(139,'211 comment',NULL,2,77,NULL,1,'2022-05-17 16:33:07','2022-05-17 16:33:07'),(140,'dddd',NULL,2,77,139,1,'2022-05-17 16:33:13','2022-05-17 16:33:13'),(141,'fffffffhjjnnv',NULL,2,77,140,1,'2022-05-17 16:33:24','2022-05-17 16:33:24'),(142,'122445678',NULL,2,77,141,1,'2022-05-17 16:33:34','2022-05-17 16:33:34'),(143,'fggghhhhff',NULL,2,77,141,1,'2022-05-17 16:33:44','2022-05-17 16:33:44'),(144,'fggghhhhff',NULL,2,77,141,1,'2022-05-17 16:33:44','2022-05-17 16:33:44'),(145,'yyyyyy',NULL,2,77,141,1,'2022-05-17 16:33:50','2022-05-17 16:33:50'),(146,'tty',NULL,2,77,140,1,'2022-05-17 16:33:55','2022-05-17 16:33:55'),(147,'g',NULL,2,77,146,1,'2022-05-17 16:34:02','2022-05-17 16:34:02'),(148,'g',NULL,2,77,146,1,'2022-05-17 16:34:07','2022-05-17 16:34:07'),(149,'yyyyy',NULL,2,77,146,1,'2022-05-17 16:34:12','2022-05-17 16:34:12'),(150,'18 comment',NULL,2,77,NULL,1,'2022-05-17 16:34:59','2022-05-17 16:34:59'),(151,'sssssss',NULL,2,77,150,1,'2022-05-17 16:35:07','2022-05-17 16:35:07'),(152,'sfgg',NULL,2,77,151,1,'2022-05-17 16:35:22','2022-05-17 16:35:22'),(153,'12345',NULL,2,77,152,1,'2022-05-17 16:35:33','2022-05-17 16:35:33'),(154,'123456789',NULL,2,77,152,1,'2022-05-17 16:35:44','2022-05-17 16:35:44'),(155,'ggggggfrr',NULL,2,77,152,1,'2022-05-17 16:36:06','2022-05-17 16:36:06'),(156,'648 comment',NULL,2,74,124,1,'2022-05-17 16:41:13','2022-05-17 16:41:13'),(157,'596 commenty',NULL,2,77,48,1,'2022-05-17 16:43:03','2022-05-17 16:43:03'),(158,'we',NULL,2,77,157,1,'2022-05-17 16:43:21','2022-05-17 16:43:22'),(159,'944 comment',NULL,2,74,NULL,1,'2022-05-17 16:45:44','2022-05-17 16:45:44'),(160,'ddddddddddd',NULL,2,74,159,1,'2022-05-17 16:45:53','2022-05-17 16:45:53'),(161,'re',NULL,2,74,160,1,'2022-05-17 16:46:10','2022-05-17 16:46:10'),(162,'you',NULL,2,74,161,1,'2022-05-17 16:46:23','2022-05-17 16:46:23'),(163,'yyyyyyy',NULL,2,74,161,1,'2022-05-17 16:46:33','2022-05-17 16:46:33'),(164,'710 comment',NULL,2,73,NULL,1,'2022-05-17 16:48:15','2022-05-17 16:48:15'),(165,'i',NULL,2,73,164,1,'2022-05-17 16:48:25','2022-05-17 16:48:25'),(166,'you',NULL,2,73,165,1,'2022-05-17 16:49:03','2022-05-17 16:49:03'),(167,'you',NULL,2,73,165,1,'2022-05-17 16:49:03','2022-05-17 16:49:03'),(168,'t',NULL,2,73,167,1,'2022-05-17 16:49:26','2022-05-17 16:49:26'),(169,'t',NULL,2,73,167,1,'2022-05-17 16:49:26','2022-05-17 16:49:26'),(170,'y',NULL,2,73,167,1,'2022-05-17 16:49:50','2022-05-17 16:49:50'),(171,'j',NULL,2,73,165,1,'2022-05-17 16:50:23','2022-05-17 16:50:23'),(172,'j',NULL,2,73,165,1,'2022-05-17 16:50:23','2022-05-17 16:50:23'),(173,'402 comment',NULL,2,73,NULL,1,'2022-05-17 16:50:47','2022-05-17 16:50:47'),(174,'402 comment',NULL,2,73,NULL,1,'2022-05-17 16:50:47','2022-05-17 16:50:47'),(175,'636 comment',NULL,1,78,NULL,0,'2022-05-18 06:26:57','2022-05-18 06:51:21'),(176,'452 comment',NULL,1,78,175,1,'2022-05-18 06:33:20','2022-05-18 06:33:20'),(177,'ydfh',NULL,1,78,176,1,'2022-05-18 06:33:32','2022-05-18 06:33:32'),(178,'gghknbb',NULL,1,78,177,1,'2022-05-18 06:33:38','2022-05-18 06:33:38'),(179,'gdd',NULL,1,78,177,1,'2022-05-18 06:33:45','2022-05-18 06:33:45'),(180,'437 comment',NULL,1,78,NULL,1,'2022-05-18 06:36:08','2022-05-18 06:36:08'),(181,'ty',NULL,1,78,180,1,'2022-05-18 06:36:22','2022-05-18 06:36:22'),(182,'qw',NULL,1,78,180,1,'2022-05-18 06:36:29','2022-05-18 06:36:29'),(183,'u',NULL,1,78,181,1,'2022-05-18 06:36:36','2022-05-18 06:36:36'),(184,'757 comment',NULL,1,78,NULL,1,'2022-05-18 06:37:31','2022-05-18 06:37:31'),(185,'fsfgsdfg',NULL,1,78,184,1,'2022-05-18 06:37:36','2022-05-18 06:37:36'),(186,'fdsggggggggggggggggggggggg',NULL,1,78,185,0,'2022-05-18 06:37:46','2022-05-18 06:51:33'),(187,'sdfg324eeeeeeeeeeeeeeeeee',NULL,1,78,186,1,'2022-05-18 06:37:56','2022-05-18 06:37:56'),(188,'sgsgdfssgdfsgdsgdfsgdsgdfsgdfsgdfsgdfsgdf2222222222222222222222222222',NULL,1,78,187,1,'2022-05-18 06:38:09','2022-05-18 06:38:09'),(189,'fagds1',NULL,1,78,185,0,'2022-05-18 06:38:18','2022-05-18 06:51:35'),(190,'122',NULL,1,78,188,1,'2022-05-18 06:38:24','2022-05-18 06:38:24'),(191,'u',NULL,1,78,190,1,'2022-05-18 06:38:47','2022-05-18 06:38:47'),(192,'931 comment',NULL,1,78,NULL,1,'2022-05-18 06:40:01','2022-05-18 06:40:01'),(193,'qwe',NULL,1,78,192,1,'2022-05-18 06:40:07','2022-05-18 06:40:07'),(194,'f',NULL,1,78,193,1,'2022-05-18 06:40:11','2022-05-18 06:40:11'),(195,'u',NULL,1,78,194,1,'2022-05-18 06:40:16','2022-05-18 06:40:16'),(196,'a',NULL,1,78,195,1,'2022-05-18 06:40:21','2022-05-18 06:40:21'),(197,'391 comment',NULL,1,78,NULL,1,'2022-05-18 06:41:38','2022-05-18 06:41:38'),(198,'dhht',NULL,1,78,197,1,'2022-05-18 06:41:48','2022-05-18 06:41:48'),(199,'ff',NULL,1,78,198,1,'2022-05-18 06:42:08','2022-05-18 06:42:08'),(200,'634 comment',NULL,1,78,NULL,0,'2022-05-18 06:43:06','2022-05-18 06:51:24'),(201,'fd',NULL,1,78,200,1,'2022-05-18 06:43:10','2022-05-18 06:43:10'),(202,'qwt',NULL,1,78,201,1,'2022-05-18 06:43:18','2022-05-18 06:43:18'),(203,'xv',NULL,1,78,202,1,'2022-05-18 06:43:26','2022-05-18 06:43:26'),(204,'123',NULL,1,78,203,1,'2022-05-18 06:43:33','2022-05-18 06:43:33'),(205,'469 comment',NULL,1,78,NULL,1,'2022-05-18 06:44:22','2022-05-18 06:44:22'),(206,'dfsdfdfs',NULL,1,78,205,1,'2022-05-18 06:44:31','2022-05-18 06:44:31'),(207,'183 comment',NULL,1,78,185,1,'2022-05-18 06:51:41','2022-05-18 06:51:41'),(208,'gghjj',NULL,1,78,207,1,'2022-05-18 06:51:51','2022-05-18 06:51:51'),(209,'ty',NULL,1,78,208,1,'2022-05-18 06:51:58','2022-05-18 06:51:58'),(210,'qw',NULL,1,78,185,1,'2022-05-18 06:52:03','2022-05-18 06:52:03'),(211,'788 comment',NULL,2,83,NULL,1,'2022-05-19 06:09:38','2022-05-19 06:09:38'),(212,'845 comment',NULL,2,83,NULL,1,'2022-05-19 06:14:16','2022-05-19 06:14:16'),(213,'845 comment',NULL,2,83,NULL,1,'2022-05-19 06:14:16','2022-05-19 06:14:16'),(214,'258 comment',NULL,2,83,NULL,1,'2022-05-19 06:14:45','2022-05-19 06:14:45'),(215,'258 comment',NULL,2,83,NULL,1,'2022-05-19 06:14:45','2022-05-19 06:14:45'),(216,'605 comment',NULL,2,83,NULL,1,'2022-05-19 06:15:16','2022-05-19 06:15:16'),(217,'rty',NULL,2,83,NULL,1,'2022-05-19 06:15:36','2022-05-19 06:15:36'),(218,'940 comment',NULL,2,83,NULL,1,'2022-05-19 06:24:00','2022-05-19 06:24:00'),(219,'603 comment',NULL,2,84,NULL,1,'2022-05-19 06:28:20','2022-05-19 06:28:20'),(220,'410 commenfhjj',NULL,2,84,219,1,'2022-05-19 06:28:34','2022-05-19 06:28:34'),(221,'ut',NULL,2,84,220,1,'2022-05-19 06:28:42','2022-05-19 06:28:42'),(222,'nic',NULL,2,84,221,1,'2022-05-19 06:28:52','2022-05-19 06:28:52'),(223,'nid',NULL,2,84,221,1,'2022-05-19 06:28:58','2022-05-19 06:28:58'),(224,'y',NULL,2,84,222,1,'2022-05-19 06:29:03','2022-05-19 06:29:03'),(225,'653 comment',NULL,1,92,NULL,1,'2022-05-20 10:12:13','2022-05-20 10:12:13'),(226,'24 comment',NULL,25,105,NULL,1,'2022-05-29 07:08:27','2022-05-29 07:08:27'),(227,'778 comment',NULL,25,105,NULL,1,'2022-05-29 07:08:53','2022-05-29 07:08:53'),(228,'qw',NULL,25,105,226,1,'2022-05-29 07:09:07','2022-05-29 07:09:07'),(229,'270 comment',NULL,25,109,NULL,1,'2022-05-29 07:23:47','2022-05-29 07:23:47'),(230,'qwer',NULL,25,109,229,1,'2022-05-29 07:23:59','2022-05-29 07:23:59'),(231,'y',NULL,25,109,230,1,'2022-05-29 07:24:04','2022-05-29 07:24:04'),(232,'ty',NULL,25,109,229,1,'2022-05-29 07:24:10','2022-05-29 07:24:10'),(233,'yu',NULL,25,109,231,1,'2022-05-29 07:24:26','2022-05-29 07:24:26'),(234,'yefgh',NULL,25,109,233,1,'2022-05-29 07:24:31','2022-05-29 07:24:31'),(235,'143434343434',NULL,25,109,NULL,1,'2022-05-29 07:25:02','2022-05-29 07:25:02');
/*!40000 ALTER TABLE `post_comment` ENABLE KEYS */;
UNLOCK TABLES;

--
-- Table structure for table `post_content`
--

DROP TABLE IF EXISTS `post_content`;
/*!40101 SET @saved_cs_client     = @@character_set_client */;
/*!50503 SET character_set_client = utf8mb4 */;
CREATE TABLE `post_content` (
  `id` int NOT NULL AUTO_INCREMENT,
  `attachment_id` int DEFAULT NULL,
  `post_id` int NOT NULL,
  `pos` int DEFAULT NULL,
  `caption` mediumtext,
  `create_date` timestamp NULL DEFAULT CURRENT_TIMESTAMP,
  `update_date` timestamp NULL DEFAULT NULL,
  `active` int DEFAULT '1',
  `status` int DEFAULT '1',
  PRIMARY KEY (`id`),
  KEY `fk_post_media_post_id` (`post_id`),
  KEY `fk_post_file_id` (`attachment_id`),
  CONSTRAINT `fk_post_file_id` FOREIGN KEY (`attachment_id`) REFERENCES `file_upload` (`id`),
  CONSTRAINT `fk_post_media_post_id` FOREIGN KEY (`post_id`) REFERENCES `post` (`id`)
) ENGINE=InnoDB AUTO_INCREMENT=129 DEFAULT CHARSET=utf8mb3;
/*!40101 SET character_set_client = @saved_cs_client */;

--
-- Dumping data for table `post_content`
--

LOCK TABLES `post_content` WRITE;
/*!40000 ALTER TABLE `post_content` DISABLE KEYS */;
INSERT INTO `post_content` VALUES (3,4,5,0,'','2022-02-22 05:00:47',NULL,1,1),(4,5,5,1,'','2022-02-22 05:00:47',NULL,1,1),(5,4,6,10,'','2022-02-22 05:00:47',NULL,1,1),(6,5,6,4,'','2022-02-22 05:00:47',NULL,1,1),(11,11,9,11,'caption anh 1','2022-02-22 05:25:33','2022-02-22 05:25:33',1,1),(12,12,9,4,'caption anh 2','2022-02-22 05:25:33','2022-02-22 05:25:33',0,1),(13,14,10,0,'Vero Coffee','2022-04-25 06:46:08','2022-04-25 06:46:08',1,1),(24,46,28,0,'kddevit story','2022-04-26 06:17:45','2022-04-26 06:17:45',1,1),(25,47,29,0,'lorem is sum is sit a met','2022-04-26 06:22:17','2022-04-26 06:22:17',1,1),(26,48,30,0,'18130060@nkd lorem is sum is sit a met.','2022-04-26 07:51:21','2022-04-26 07:51:21',1,1),(27,49,33,0,'Ranny day! ','2022-05-02 06:37:39','2022-05-02 06:37:39',1,1),(28,50,40,0,'User: 18130060nkd2 post at 1651565020467','2022-05-03 08:04:21','2022-05-03 08:04:21',1,1),(29,51,40,1,'User: 18130060nkd2 post at 1651565020467','2022-05-03 08:04:21','2022-05-03 08:04:21',1,1),(30,52,41,0,'User: kddevit1 post at 1651587591837','2022-05-03 14:21:59','2022-05-03 14:21:59',1,1),(31,53,41,1,'User: kddevit1 post at 1651587591837','2022-05-03 14:21:59','2022-05-03 14:21:59',1,1),(32,54,42,0,'BMW S1000RR ','2022-05-04 12:21:32','2022-05-04 12:21:32',1,1),(33,55,43,0,'','2022-05-04 12:26:50','2022-05-04 12:26:50',1,1),(34,56,44,0,'User: kddevit1 post at 1651667514725','2022-05-04 12:32:24','2022-05-04 12:32:24',1,1),(35,57,44,1,'User: kddevit1 post at 1651667514725','2022-05-04 12:32:24','2022-05-04 12:32:24',1,1),(36,58,45,0,'Linh ta linh tinh cheu mua 05-04-2022','2022-05-04 12:41:14','2022-05-04 12:41:14',1,1),(37,59,45,1,'Linh ta linh tinh cheu mua 05-04-2022','2022-05-04 12:41:14','2022-05-04 12:41:14',1,1),(38,60,45,2,'Linh ta linh tinh cheu mua 05-04-2022','2022-05-04 12:41:14','2022-05-04 12:41:14',1,1),(39,61,45,3,'Linh ta linh tinh cheu mua 05-04-2022','2022-05-04 12:41:14','2022-05-04 12:41:14',1,1),(40,62,45,4,'Linh ta linh tinh cheu mua 05-04-2022','2022-05-04 12:41:14','2022-05-04 12:41:14',1,1),(41,63,45,5,'Linh ta linh tinh cheu mua 05-04-2022','2022-05-04 12:41:14','2022-05-04 12:41:14',1,1),(42,64,46,0,'User: kddevit1 post at 1651673232539','2022-05-04 14:07:47','2022-05-04 14:07:47',1,1),(43,65,48,0,'User: kddevit1 post at 1651674039037','2022-05-04 14:20:56','2022-05-04 14:20:56',1,1),(44,66,50,0,'User: kddevit1 post at 1651674632168','2022-05-04 14:30:52','2022-05-04 14:30:52',1,1),(45,67,52,0,'User: 18130060nkd2 post at 1651675232197','2022-05-04 14:40:55','2022-05-04 14:40:55',1,1),(46,68,53,0,'asdjkfgjjjkskjsdfgj','2022-05-08 02:38:41','2022-05-08 02:38:41',1,1),(47,69,57,0,'User: kddevit1 post at 1652502161684','2022-05-14 04:23:20','2022-05-14 04:23:20',1,NULL),(48,70,59,0,'User: kddevit1 post at 1652504089010','2022-05-14 04:55:09','2022-05-14 04:55:09',1,NULL),(49,71,63,0,'User: kddevit1 post at 1652506508189','2022-05-14 05:35:30','2022-05-14 05:35:30',1,NULL),(50,72,66,0,'cp i tht p','2022-05-14 06:22:53','2022-05-14 06:22:53',1,NULL),(51,73,67,0,'','2022-05-14 06:23:45','2022-05-14 06:23:45',1,NULL),(52,74,67,1,'','2022-05-14 06:23:45','2022-05-14 06:23:45',1,NULL),(53,75,68,0,'','2022-05-14 08:02:49','2022-05-14 08:02:49',1,NULL),(54,76,68,1,'','2022-05-14 08:02:49','2022-05-14 08:02:49',1,NULL),(55,77,69,0,'','2022-05-14 08:07:40','2022-05-14 08:07:40',1,NULL),(56,78,70,0,'duy dep tai\n','2022-05-14 08:25:26','2022-05-14 08:25:26',1,NULL),(57,79,71,0,'chpksbfjwjxbjakandbdbsjajakdk','2022-05-14 08:51:09','2022-05-14 08:51:09',1,NULL),(58,80,71,1,'chpksbfjwjxbjakandbdbsjajakdk','2022-05-14 08:51:09','2022-05-14 08:51:09',1,NULL),(59,81,71,2,'chpksbfjwjxbjakandbdbsjajakdk','2022-05-14 08:51:09','2022-05-14 08:51:09',1,NULL),(60,82,72,0,'User: kddevit1 post at 1652630723226','2022-05-15 16:06:59','2022-05-15 16:06:59',1,NULL),(61,83,72,1,'User: kddevit1 post at 1652630723226','2022-05-15 16:06:59','2022-05-15 16:06:59',1,NULL),(62,84,72,2,'User: kddevit1 post at 1652630723226','2022-05-15 16:06:59','2022-05-15 16:06:59',1,NULL),(63,85,73,0,'eeeeeeeee','2022-05-15 16:08:53','2022-05-15 16:08:53',1,NULL),(64,86,73,1,'eeeeeeeee','2022-05-15 16:08:53','2022-05-15 16:08:53',1,NULL),(65,87,73,2,'eeeeeeeee','2022-05-15 16:08:53','2022-05-15 16:08:53',1,NULL),(66,88,74,0,'','2022-05-15 16:29:20','2022-05-15 16:29:20',1,NULL),(67,89,74,1,'','2022-05-15 16:29:20','2022-05-15 16:29:20',1,NULL),(68,90,74,2,'','2022-05-15 16:29:20','2022-05-15 16:29:20',1,NULL),(69,91,74,3,'','2022-05-15 16:29:20','2022-05-15 16:29:20',1,NULL),(70,92,74,4,'','2022-05-15 16:29:20','2022-05-15 16:29:20',1,NULL),(71,93,75,0,'User: kddevit1 post at 1652632313126','2022-05-15 16:32:03','2022-05-15 16:32:03',1,NULL),(72,94,76,0,'User: kddevit1 post at 1652632325682','2022-05-15 16:33:16','2022-05-15 16:33:16',1,NULL),(73,95,77,0,'Traveling Social App','2022-05-15 16:37:14','2022-05-15 16:37:14',1,NULL),(74,96,77,1,'Traveling Social App','2022-05-15 16:37:14','2022-05-15 16:37:14',1,NULL),(75,97,77,2,'Traveling Social App','2022-05-15 16:37:14','2022-05-15 16:37:14',1,NULL),(76,98,77,3,'Traveling Social App','2022-05-15 16:37:14','2022-05-15 16:37:14',1,NULL),(77,99,78,0,'Lorem ipsum dolor sit amet, consectetur adipiscing elit. Vivamus sed sagittis dolor, sit amet sollicitudin est. Vestibulum in gravida dui. Donec feugiat pellentesque pulvinar. Phasellus vel nisl libero.','2022-05-18 06:26:47','2022-05-18 06:26:47',1,NULL),(78,100,79,0,'','2022-05-18 16:08:18','2022-05-18 16:08:18',1,NULL),(79,101,80,0,'','2022-05-18 17:00:31','2022-05-18 17:00:31',1,NULL),(80,102,80,1,'','2022-05-18 17:00:31','2022-05-18 17:00:31',1,NULL),(81,103,80,2,'','2022-05-18 17:00:31','2022-05-18 17:00:31',1,NULL),(82,104,81,0,'','2022-05-18 17:08:36','2022-05-18 17:08:36',1,NULL),(83,112,82,0,'','2022-05-18 17:27:09','2022-05-18 17:27:09',1,NULL),(84,113,83,0,'imae','2022-05-18 17:28:28','2022-05-18 17:28:28',1,NULL),(85,114,84,0,'Ducati','2022-05-19 06:28:08','2022-05-19 06:28:08',1,NULL),(86,115,85,0,'','2022-05-19 06:31:45','2022-05-19 06:31:45',1,NULL),(87,116,85,1,'','2022-05-19 06:31:45','2022-05-19 06:31:45',1,NULL),(88,117,85,2,'','2022-05-19 06:31:45','2022-05-19 06:31:45',1,NULL),(89,118,86,0,'yii','2022-05-19 15:49:14','2022-05-19 15:49:14',1,1),(90,119,87,0,'','2022-05-19 15:50:46','2022-05-19 15:50:46',1,1),(91,120,87,1,'','2022-05-19 15:50:46','2022-05-19 15:50:46',1,1),(92,121,88,0,'User: 18130060nkd2 post at 1652976274020','2022-05-19 16:05:04','2022-05-19 16:05:04',1,1),(93,122,89,0,'Loaf asflh orupa','2022-05-20 05:44:25','2022-05-20 05:44:25',1,1),(94,123,90,0,'User: 18130060nkd2 post at 1653028113080','2022-05-20 06:29:10','2022-05-20 06:29:10',1,1),(95,124,90,1,'User: 18130060nkd2 post at 1653028113080','2022-05-20 06:29:10','2022-05-20 06:29:10',1,1),(96,125,91,0,'User: kddevit1 post at 1653028808491','2022-05-20 06:41:02','2022-05-20 06:41:02',1,1),(97,131,92,0,'shit','2022-05-20 09:53:31','2022-05-20 09:53:31',1,1),(98,132,92,1,'shit','2022-05-20 09:53:31','2022-05-20 09:53:31',1,1),(99,134,93,0,'','2022-05-22 10:34:37','2022-05-22 10:34:37',1,1),(100,135,95,0,'nno','2022-05-24 09:32:56','2022-05-24 09:32:56',1,1),(101,136,96,0,'User: kddevit1 post at 1653632415324','2022-05-27 06:21:40','2022-05-27 06:21:40',1,1),(102,137,97,0,'User: 18130060nkd2 post at 1653632691912','2022-05-27 06:28:15','2022-05-27 06:28:15',1,1),(103,138,97,1,'User: 18130060nkd2 post at 1653632691912','2022-05-27 06:28:15','2022-05-27 06:28:15',1,1),(104,139,97,2,'User: 18130060nkd2 post at 1653632691912','2022-05-27 06:28:15','2022-05-27 06:28:15',1,1),(105,140,97,3,'User: 18130060nkd2 post at 1653632691912','2022-05-27 06:28:15','2022-05-27 06:28:15',1,1),(106,141,98,0,'User: 18130060nkd2 post at 1653633157632','2022-05-27 06:40:08','2022-05-27 06:40:08',1,1),(107,142,98,1,'User: 18130060nkd2 post at 1653633157632','2022-05-27 06:40:08','2022-05-27 06:40:08',1,1),(108,143,98,2,'User: 18130060nkd2 post at 1653633157632','2022-05-27 06:40:09','2022-05-27 06:40:09',1,1),(109,144,98,3,'User: 18130060nkd2 post at 1653633157632','2022-05-27 06:40:09','2022-05-27 06:40:09',1,1),(110,145,99,0,'User: khanhduy211223 post at 1653633661558','2022-05-27 06:42:22','2022-05-27 06:42:22',1,1),(111,146,99,1,'User: khanhduy211223 post at 1653633661558','2022-05-27 06:42:22','2022-05-27 06:42:22',1,1),(112,147,100,0,'2018 Co vai','2022-05-27 07:17:38','2022-05-27 07:17:38',1,1),(113,148,100,1,'2018 Co vai','2022-05-27 07:17:38','2022-05-27 07:17:38',1,1),(114,154,101,0,'User: khanhduy2112325 post at 1653729140580','2022-05-28 09:13:15','2022-05-28 09:13:15',1,1),(115,155,101,1,'User: khanhduy2112325 post at 1653729140580','2022-05-28 09:13:15','2022-05-28 09:13:15',1,1),(116,156,101,2,'User: khanhduy2112325 post at 1653729140580','2022-05-28 09:13:15','2022-05-28 09:13:15',1,1),(117,160,102,0,'User: khanhduy2112325 post at 1653756022685','2022-05-28 16:41:07','2022-05-28 16:41:07',1,1),(118,161,104,0,'User: 18130060nkd2 post at 1653757672289','2022-05-28 17:08:19','2022-05-28 17:08:19',1,1),(119,162,105,0,'wewqryowyrioweyeyriowyeruio','2022-05-29 05:56:03','2022-05-29 05:56:03',1,1),(120,163,105,1,'wewqryowyrioweyeyriowyeruio','2022-05-29 05:56:03','2022-05-29 05:56:03',1,1),(121,164,107,0,'User: khanhduy2112325 post at 1653808811731','2022-05-29 07:21:15','2022-05-29 07:21:15',1,1),(122,165,107,1,'User: khanhduy2112325 post at 1653808811731','2022-05-29 07:21:15','2022-05-29 07:21:15',1,1),(123,166,107,2,'User: khanhduy2112325 post at 1653808811731','2022-05-29 07:21:15','2022-05-29 07:21:15',1,1),(124,167,108,0,'User: khanhduy2112325 post at 1653808897890','2022-05-29 07:22:10','2022-05-29 07:22:10',1,1),(125,168,108,1,'User: khanhduy2112325 post at 1653808897890','2022-05-29 07:22:10','2022-05-29 07:22:10',1,1),(126,169,109,0,'','2022-05-29 07:22:58','2022-05-29 07:22:58',1,1),(127,170,109,1,'','2022-05-29 07:22:58','2022-05-29 07:22:58',1,1),(128,175,110,0,'Hi!!!','2022-06-01 11:14:24','2022-06-01 11:14:24',1,1);
/*!40000 ALTER TABLE `post_content` ENABLE KEYS */;
UNLOCK TABLES;

--
-- Table structure for table `post_like`
--

DROP TABLE IF EXISTS `post_like`;
/*!40101 SET @saved_cs_client     = @@character_set_client */;
/*!50503 SET character_set_client = utf8mb4 */;
CREATE TABLE `post_like` (
  `id` int NOT NULL,
  `user_id` int NOT NULL,
  `post_id` int NOT NULL,
  `create_date` timestamp NULL DEFAULT CURRENT_TIMESTAMP,
  `update_date` timestamp NULL DEFAULT NULL,
  PRIMARY KEY (`id`),
  KEY `fk_post_like_user_id_idx` (`user_id`),
  KEY `fk_post_like_post_id_idx` (`post_id`),
  CONSTRAINT `fk_post_like_post_id` FOREIGN KEY (`post_id`) REFERENCES `post` (`id`),
  CONSTRAINT `fk_post_like_user_id` FOREIGN KEY (`user_id`) REFERENCES `user` (`id`)
) ENGINE=InnoDB DEFAULT CHARSET=utf8mb4 COLLATE=utf8mb4_0900_ai_ci;
/*!40101 SET character_set_client = @saved_cs_client */;

--
-- Dumping data for table `post_like`
--

LOCK TABLES `post_like` WRITE;
/*!40000 ALTER TABLE `post_like` DISABLE KEYS */;
/*!40000 ALTER TABLE `post_like` ENABLE KEYS */;
UNLOCK TABLES;

--
-- Table structure for table `post_reaction`
--

DROP TABLE IF EXISTS `post_reaction`;
/*!40101 SET @saved_cs_client     = @@character_set_client */;
/*!50503 SET character_set_client = utf8mb4 */;
CREATE TABLE `post_reaction` (
  `id` int NOT NULL AUTO_INCREMENT,
  `post_id` int NOT NULL,
  `reaction_id` int NOT NULL,
  `create_date` timestamp NULL DEFAULT CURRENT_TIMESTAMP,
  `update_date` timestamp NULL DEFAULT CURRENT_TIMESTAMP,
  `user_id` int NOT NULL,
  `status` int DEFAULT NULL,
  PRIMARY KEY (`id`),
  KEY `fk_post_reaction_post_id_idx` (`post_id`),
  KEY `fk_post_reaction_reaction_id_idx` (`reaction_id`),
  KEY `fk_post_reaction_user_id_idx` (`user_id`),
  CONSTRAINT `fk_post_reaction_post_id` FOREIGN KEY (`post_id`) REFERENCES `post` (`id`),
  CONSTRAINT `fk_post_reaction_reaction_id` FOREIGN KEY (`reaction_id`) REFERENCES `reaction` (`id`),
  CONSTRAINT `fk_post_reaction_user_id` FOREIGN KEY (`user_id`) REFERENCES `user` (`id`)
) ENGINE=InnoDB AUTO_INCREMENT=92 DEFAULT CHARSET=utf8mb4 COLLATE=utf8mb4_0900_ai_ci;
/*!40101 SET character_set_client = @saved_cs_client */;

--
-- Dumping data for table `post_reaction`
--

LOCK TABLES `post_reaction` WRITE;
/*!40000 ALTER TABLE `post_reaction` DISABLE KEYS */;
INSERT INTO `post_reaction` VALUES (1,11,1,'2022-05-10 07:58:17','2022-05-11 08:05:57',2,0),(2,11,1,'2022-05-11 08:06:22','2022-05-11 08:06:22',2,1),(3,9,1,'2022-05-11 08:16:52','2022-05-11 16:33:41',2,0),(4,9,1,'2022-05-11 16:36:58','2022-05-11 16:37:04',2,0),(5,9,1,'2022-05-11 16:38:24','2022-05-11 16:38:25',2,0),(6,9,1,'2022-05-11 16:38:25','2022-05-11 16:38:26',2,0),(7,9,1,'2022-05-11 16:38:26','2022-05-11 16:38:26',2,0),(8,9,1,'2022-05-11 16:38:26','2022-05-11 16:38:26',2,0),(9,9,1,'2022-05-11 16:38:27','2022-05-11 16:38:27',2,0),(10,9,1,'2022-05-11 16:38:27','2022-05-11 16:38:27',2,0),(11,9,1,'2022-05-11 16:38:27','2022-05-11 16:38:28',2,0),(12,9,1,'2022-05-11 16:39:49','2022-05-11 16:40:42',2,0),(13,9,1,'2022-05-11 16:40:44','2022-05-11 16:40:44',2,0),(14,9,1,'2022-05-11 16:40:44','2022-05-11 16:40:44',2,0),(15,9,1,'2022-05-11 16:40:45','2022-05-11 16:40:45',2,0),(16,9,1,'2022-05-11 16:40:45','2022-05-11 16:40:46',2,0),(17,9,1,'2022-05-11 16:41:29','2022-05-11 16:42:31',2,0),(18,9,1,'2022-05-11 16:42:31','2022-05-11 16:42:32',2,0),(19,9,1,'2022-05-11 16:42:32','2022-05-11 16:42:32',2,0),(21,9,1,'2022-05-11 16:42:32','2022-05-11 16:49:58',2,0),(22,6,1,'2022-05-11 16:44:39','2022-05-11 16:50:20',2,0),(23,5,1,'2022-05-11 16:44:42','2022-05-11 16:44:42',2,1),(24,6,1,'2022-05-11 16:50:21','2022-05-11 16:50:22',2,0),(25,6,1,'2022-05-11 16:50:23','2022-05-11 16:50:23',2,1),(26,9,1,'2022-05-11 16:51:04','2022-05-11 16:51:04',2,1),(27,5,1,'2022-05-13 14:52:15','2022-05-13 14:52:15',1,1),(28,6,1,'2022-05-13 15:01:42','2022-05-14 05:39:07',1,0),(29,9,1,'2022-05-13 15:01:48','2022-05-13 15:01:53',1,0),(30,9,1,'2022-05-13 15:01:53','2022-05-15 15:21:04',1,0),(31,10,1,'2022-05-13 15:04:35','2022-05-13 15:04:35',2,1),(32,10,1,'2022-05-13 15:07:06','2022-05-13 15:07:06',3,1),(33,6,1,'2022-05-14 05:39:09','2022-05-14 06:16:49',1,0),(34,10,1,'2022-05-14 06:19:45','2022-05-14 06:27:15',21,0),(35,9,1,'2022-05-14 06:20:28','2022-05-14 06:26:30',21,0),(36,6,1,'2022-05-14 06:26:31','2022-05-14 06:27:49',21,0),(37,5,1,'2022-05-14 06:26:34','2022-05-14 06:27:50',21,0),(38,10,1,'2022-05-14 06:27:20','2022-05-14 06:27:20',21,0),(39,9,1,'2022-05-14 06:27:53','2022-05-14 06:27:53',21,1),(40,69,1,'2022-05-14 08:08:19','2022-05-14 08:08:19',21,1),(41,68,1,'2022-05-14 08:11:19','2022-05-14 08:11:19',21,1),(42,6,1,'2022-05-14 08:14:16','2022-05-14 08:14:16',21,1),(43,5,1,'2022-05-14 08:14:19','2022-05-14 08:14:19',21,1),(44,10,1,'2022-05-14 08:14:22','2022-05-14 08:14:22',21,1),(45,44,1,'2022-05-14 08:14:24','2022-05-14 08:14:24',21,1),(46,70,1,'2022-05-14 08:36:37','2022-05-14 08:36:37',1,1),(47,44,1,'2022-05-14 08:36:39','2022-05-14 08:36:39',1,1),(48,6,1,'2022-05-14 08:36:42','2022-05-14 08:36:42',1,1),(49,70,1,'2022-05-14 08:52:35','2022-05-14 08:52:35',21,1),(50,9,1,'2022-05-14 12:07:27','2022-05-14 12:07:27',3,1),(51,6,1,'2022-05-14 12:07:29','2022-05-14 12:07:29',3,1),(52,5,1,'2022-05-14 12:07:30','2022-05-14 12:07:30',3,1),(53,9,1,'2022-05-15 16:08:15','2022-05-15 16:08:15',1,1),(54,73,1,'2022-05-15 16:08:57','2022-05-15 16:09:39',1,0),(55,73,1,'2022-05-15 16:09:40','2022-05-15 16:09:40',1,1),(56,74,1,'2022-05-15 16:29:58','2022-05-15 16:29:58',1,1),(57,77,1,'2022-05-16 08:01:55','2022-05-16 08:01:55',1,1),(58,74,1,'2022-05-17 10:04:34','2022-05-17 10:04:34',2,1),(59,73,1,'2022-05-17 10:04:41','2022-05-17 10:04:41',2,1),(60,77,1,'2022-05-17 10:17:33','2022-05-17 10:17:33',2,1),(61,78,1,'2022-05-18 06:26:55','2022-05-18 06:26:55',1,1),(62,84,1,'2022-05-19 06:28:25','2022-05-19 06:28:25',2,1),(63,92,1,'2022-05-20 09:55:04','2022-05-20 09:55:04',1,1),(64,80,1,'2022-05-21 08:47:56','2022-05-21 08:47:56',1,1),(65,89,1,'2022-05-23 06:23:11','2022-05-23 06:23:11',1,1),(66,82,1,'2022-05-23 06:26:55','2022-05-23 06:26:55',1,1),(67,81,1,'2022-05-23 06:26:58','2022-05-23 06:26:58',1,1),(68,94,1,'2022-05-23 09:08:06','2022-05-23 09:08:06',1,0),(69,94,1,'2022-05-23 09:33:07','2022-05-23 09:33:07',1,1),(70,86,1,'2022-05-26 13:26:00','2022-05-26 13:26:00',1,1),(71,79,1,'2022-05-26 15:25:38','2022-05-26 15:25:38',1,1),(72,87,1,'2022-05-26 15:25:43','2022-05-26 15:25:44',1,0),(73,87,1,'2022-05-26 15:25:44','2022-05-26 15:25:47',1,0),(74,100,1,'2022-05-28 09:11:47','2022-05-28 09:11:47',25,1),(75,79,1,'2022-05-28 09:11:50','2022-05-28 09:11:50',25,1),(76,100,1,'2022-05-28 17:06:01','2022-05-28 17:06:01',1,1),(77,87,1,'2022-05-29 05:24:49','2022-05-29 05:24:49',1,1),(78,105,1,'2022-05-29 07:08:37','2022-05-29 07:31:12',25,0),(79,109,1,'2022-05-29 07:23:38','2022-05-29 07:31:01',25,0),(80,105,1,'2022-05-29 07:31:12','2022-05-29 07:31:13',25,0),(81,105,1,'2022-05-29 07:31:13','2022-05-29 07:31:14',25,0),(82,105,1,'2022-05-29 07:31:14','2022-05-29 07:31:14',25,1),(83,89,1,'2022-05-29 07:31:18','2022-05-29 07:31:18',25,1),(84,87,1,'2022-05-29 07:31:21','2022-05-29 07:31:21',25,1),(85,86,1,'2022-05-29 07:31:25','2022-05-29 07:31:25',25,1),(86,77,1,'2022-05-29 07:31:47','2022-05-29 07:31:47',25,1),(87,109,1,'2022-05-29 08:59:23','2022-05-29 08:59:23',25,1),(88,109,1,'2022-06-01 09:07:44','2022-06-01 09:07:44',1,1),(89,110,1,'2022-06-01 11:14:33','2022-06-17 13:35:55',1,0),(90,10,1,'2022-06-02 06:20:06','2022-06-02 06:20:06',1,1),(91,105,1,'2022-06-02 06:30:25','2022-06-02 06:30:25',1,1);
/*!40000 ALTER TABLE `post_reaction` ENABLE KEYS */;
UNLOCK TABLES;

--
-- Table structure for table `reaction`
--

DROP TABLE IF EXISTS `reaction`;
/*!40101 SET @saved_cs_client     = @@character_set_client */;
/*!50503 SET character_set_client = utf8mb4 */;
CREATE TABLE `reaction` (
  `id` int NOT NULL AUTO_INCREMENT,
  `type` int NOT NULL,
  `name` varchar(45) NOT NULL,
  PRIMARY KEY (`id`)
) ENGINE=InnoDB AUTO_INCREMENT=7 DEFAULT CHARSET=utf8mb4 COLLATE=utf8mb4_0900_ai_ci;
/*!40101 SET character_set_client = @saved_cs_client */;

--
-- Dumping data for table `reaction`
--

LOCK TABLES `reaction` WRITE;
/*!40000 ALTER TABLE `reaction` DISABLE KEYS */;
INSERT INTO `reaction` VALUES (1,1,'LIKE'),(2,2,'LOVE'),(3,3,'WOW'),(4,4,'HAHA'),(5,5,'SORRY'),(6,6,'ANGRY');
/*!40000 ALTER TABLE `reaction` ENABLE KEYS */;
UNLOCK TABLES;

--
-- Table structure for table `review`
--

DROP TABLE IF EXISTS `review`;
/*!40101 SET @saved_cs_client     = @@character_set_client */;
/*!50503 SET character_set_client = utf8mb4 */;
CREATE TABLE `review` (
  `id` int NOT NULL AUTO_INCREMENT,
  `title` text COLLATE utf8mb4_unicode_ci NOT NULL,
  `cover_photo` int NOT NULL,
  `cost` double DEFAULT NULL,
  `total_day` int DEFAULT NULL,
  `create_date` timestamp NULL DEFAULT NULL,
  `update_date` timestamp NULL DEFAULT NULL,
  `user_id` int NOT NULL,
  `status` int DEFAULT NULL,
  `total_member` int DEFAULT NULL,
  `detail` text COLLATE utf8mb4_unicode_ci NOT NULL,
  PRIMARY KEY (`id`),
  KEY `fk_review_cover_photo_idx` (`cover_photo`),
  KEY `fk_reviewer_id_idx` (`user_id`),
  CONSTRAINT `fk_review_cover_photo` FOREIGN KEY (`cover_photo`) REFERENCES `file_upload` (`id`),
  CONSTRAINT `fk_reviewer_id` FOREIGN KEY (`user_id`) REFERENCES `user` (`id`)
) ENGINE=InnoDB AUTO_INCREMENT=6 DEFAULT CHARSET=utf8mb4 COLLATE=utf8mb4_unicode_ci;
/*!40101 SET character_set_client = @saved_cs_client */;

--
-- Dumping data for table `review`
--

LOCK TABLES `review` WRITE;
/*!40000 ALTER TABLE `review` DISABLE KEYS */;
INSERT INTO `review` VALUES (1,'Nhng qun cafe vintage lun l im n thu ht cc bn tr n nhm nhi ly c ph m , k nhng cu chuyn thi th u gip cuc sng chm li gia thi i quay cung ny  gia  Thnh no nhit.',1,1000000,2,'2022-05-24 15:35:01','2022-05-24 15:35:01',1,1,1,'Mc d phong cch vintage tr thnh cn st  qua t lu, nhng nhng qun x theo phong cch ny vn tn ti v c lng gii tr. Di y l tng hp nhng qun cafe vintage   Nng thch hp cho nhng tn  yu thch c ph c in vi khng gian p, xa c m mnh mun gii thiu n bn nu c dp i du lch  Nng n.1. Trnh c ph : D  trong hm nh ngay trung tm thnh ph  Nng, cch cu Rng vi bc chn nhng qun bnh yn v nh nhng cc k. Khng gian mt m, kiu khng gian m vi nhng chic bn decor bng g xinh xn, kh nhiu gc ngi t bn trong nh m cng hay bn ngoi sn thong ng mt m. Decor qun kiu ging my nh bc thi, khun vin siu nhiu cy xanh ti mt lm. Menu ch yu nhng mn c ph ngy xa siu ngon v c bit l mn c ph b ng th khi gh qun.'),(5,'CHECKIN SN MY I THIN PHC C - A IM QUEN THUC MI KHI N  LT',1,1000000,2,'2022-05-24 15:50:55','2022-05-24 15:50:55',1,1,1,'1. Gii thiu i nt v i Thin Phc c Cch trung tm thnh ph  Lt khng xa, khong tm 6km. i Thin Phc c t lu  l a im checkin sn my l tng v quen thu ca du khch mi khi n  Lt, s d i Thin Phc c lun l s la chn hng u v cnh p, hoang s, gn trung tm thnh ph v vi  cao va phi.i Thin Phc c cng ni ting bi cy thng c n ang vn mnh gia khng gian rng ln, dng nghing v mt pha nh ang ch i mt iu g y.');
/*!40000 ALTER TABLE `review` ENABLE KEYS */;
UNLOCK TABLES;

--
-- Table structure for table `review_photo`
--

DROP TABLE IF EXISTS `review_photo`;
/*!40101 SET @saved_cs_client     = @@character_set_client */;
/*!50503 SET character_set_client = utf8mb4 */;
CREATE TABLE `review_photo` (
  `id` int NOT NULL AUTO_INCREMENT,
  `review_id` int NOT NULL,
  `photo_id` int NOT NULL,
  PRIMARY KEY (`id`),
  KEY `fk_review_photo_review_i_idx` (`review_id`),
  KEY `fk_review_photo_file_upload_idx` (`photo_id`),
  CONSTRAINT `fk_review_photo_file_upload` FOREIGN KEY (`photo_id`) REFERENCES `file_upload` (`id`),
  CONSTRAINT `fk_review_photo_review_i` FOREIGN KEY (`review_id`) REFERENCES `review` (`id`)
) ENGINE=InnoDB AUTO_INCREMENT=5 DEFAULT CHARSET=utf8mb4 COLLATE=utf8mb4_unicode_ci;
/*!40101 SET character_set_client = @saved_cs_client */;

--
-- Dumping data for table `review_photo`
--

LOCK TABLES `review_photo` WRITE;
/*!40000 ALTER TABLE `review_photo` DISABLE KEYS */;
INSERT INTO `review_photo` VALUES (1,5,1),(2,5,2),(3,5,3),(4,5,4);
/*!40000 ALTER TABLE `review_photo` ENABLE KEYS */;
UNLOCK TABLES;

--
-- Table structure for table `role`
--

DROP TABLE IF EXISTS `role`;
/*!40101 SET @saved_cs_client     = @@character_set_client */;
/*!50503 SET character_set_client = utf8mb4 */;
CREATE TABLE `role` (
  `id` int NOT NULL AUTO_INCREMENT,
  `name` varchar(45) NOT NULL,
  PRIMARY KEY (`id`),
  UNIQUE KEY `name` (`name`)
) ENGINE=InnoDB AUTO_INCREMENT=3 DEFAULT CHARSET=utf8mb4 COLLATE=utf8mb4_0900_ai_ci;
/*!40101 SET character_set_client = @saved_cs_client */;

--
-- Dumping data for table `role`
--

LOCK TABLES `role` WRITE;
/*!40000 ALTER TABLE `role` DISABLE KEYS */;
INSERT INTO `role` VALUES (2,'ROLE_ADMIN'),(1,'ROLE_MEMBER');
/*!40000 ALTER TABLE `role` ENABLE KEYS */;
UNLOCK TABLES;

--
-- Table structure for table `story`
--

DROP TABLE IF EXISTS `story`;
/*!40101 SET @saved_cs_client     = @@character_set_client */;
/*!50503 SET character_set_client = utf8mb4 */;
CREATE TABLE `story` (
  `id` int NOT NULL AUTO_INCREMENT,
  `cover_id` int DEFAULT NULL,
  `description` varchar(255) DEFAULT NULL,
  `user_id` int DEFAULT NULL,
  `create_date` timestamp NULL DEFAULT CURRENT_TIMESTAMP,
  `update_date` timestamp NULL DEFAULT NULL,
  `active` tinyint(1) DEFAULT '1',
  `type` varchar(45) DEFAULT NULL,
  UNIQUE KEY `id_UNIQUE` (`id`),
  KEY `pk_file_upload_id_idx` (`cover_id`)
) ENGINE=InnoDB AUTO_INCREMENT=13 DEFAULT CHARSET=utf8mb4 COLLATE=utf8mb4_0900_ai_ci;
/*!40101 SET character_set_client = @saved_cs_client */;

--
-- Dumping data for table `story`
--

LOCK TABLES `story` WRITE;
/*!40000 ALTER TABLE `story` DISABLE KEYS */;
INSERT INTO `story` VALUES (8,8,'asfhllsfhsfsf 1231 219',2,'2022-02-19 05:39:08','2022-02-19 05:39:08',1,NULL),(9,8,'asfhllsfhsfsf 1231 219',2,'2022-02-19 05:50:26','2022-02-19 05:50:26',1,NULL),(10,9,'nguyenkhanhduy21123\'s story :)))))',1,'2022-02-19 05:52:21','2022-02-19 05:52:21',1,NULL),(11,9,'nguyenkhanhduy21123\'s story 22222222222 :DDDDDD',1,'2022-02-19 05:54:00','2022-02-19 05:54:00',1,NULL),(12,10,'nguyenkhanhduy21122\'s story ^^^^^^^^',3,'2022-02-19 06:11:08','2022-02-19 06:11:08',1,NULL);
/*!40000 ALTER TABLE `story` ENABLE KEYS */;
UNLOCK TABLES;

--
-- Table structure for table `user`
--

DROP TABLE IF EXISTS `user`;
/*!40101 SET @saved_cs_client     = @@character_set_client */;
/*!50503 SET character_set_client = utf8mb4 */;
CREATE TABLE `user` (
  `id` int NOT NULL AUTO_INCREMENT,
  `username` varchar(24) NOT NULL,
  `password` varchar(255) DEFAULT NULL,
  `email` varchar(255) NOT NULL,
  `full_name` varchar(35) DEFAULT NULL,
  `phone` varchar(24) DEFAULT NULL,
  `verification_code` varchar(6) DEFAULT NULL,
  `active` tinyint DEFAULT '0',
  `status` tinyint DEFAULT '0',
  `create_date` timestamp NULL DEFAULT CURRENT_TIMESTAMP,
  `role_id` int NOT NULL,
  `avt` varchar(255) DEFAULT NULL,
  `update_date` timestamp NULL DEFAULT CURRENT_TIMESTAMP,
  `bio` text,
  `background` varchar(45) DEFAULT NULL,
  PRIMARY KEY (`id`),
  UNIQUE KEY `email` (`email`),
  KEY `fk_role_id` (`role_id`),
  CONSTRAINT `fk_role_id` FOREIGN KEY (`role_id`) REFERENCES `role` (`id`)
) ENGINE=InnoDB AUTO_INCREMENT=28 DEFAULT CHARSET=utf8mb4 COLLATE=utf8mb4_0900_ai_ci;
/*!40101 SET character_set_client = @saved_cs_client */;

--
-- Dumping data for table `user`
--

LOCK TABLES `user` WRITE;
/*!40000 ALTER TABLE `user` DISABLE KEYS */;
INSERT INTO `user` VALUES (1,'kddevit','$2a$10$wH42GNQskK.yb8v3xPH9ruEzkD3QyCh.1sYgeCAyWYPrM2/hbZ5ba','nguyenkhanhduy21123@gmail.com','Nguyen Khanh Duy','0869104353',NULL,1,0,'2022-02-11 15:50:48',1,'image_cropper_1654082183216-1654082195244','2022-06-01 11:16:35','Lorem ipsum dolor sit amet, consectetur adipiscing elit. Maecenas eget ipsum a ligula euismod lacinia ac ut diam. Maecenas lectus ligula, ullamcorper sed dolor nec, bibendum laoreet erat. ','image_cropper_1653124985419-1653124996378'),(2,'18130060nkd','$2a$10$L.DeGanOPaTq/k4Ra2EG2.EF7wOeoRMoTDtKB.LAeL5gfFke8T.Me','18130060@st.hcmuaf.edu.vn','nguyen khanh duy','0988487209',NULL,1,0,'2022-02-15 06:33:32',1,'a-1645248851699','2022-02-19 05:34:12',NULL,NULL),(3,'khanhduy21122','$2a$10$Wb83jMqsP/ixNnhUKjpeV.F9Ebru8mfQXd.s/rAUdPXrJkjDG484y','nguyenkhanhduy21122@gmail.com',NULL,NULL,NULL,1,0,'2022-02-18 05:25:37',1,'image_cropper_1653650262850-1653650269047','2022-05-27 11:17:49',NULL,'image_cropper_1653649825397-1653649830947'),(4,'khanhduydevit','$2a$10$UMrD33HJ3S0ZWqzaHm5G1O3gz910lR6XzB8LKalNAxkuDQtO7Qe1u','khanhduy.dev.bt@gmail.com',NULL,NULL,NULL,1,0,'2022-02-18 05:26:02',1,'halongbay2-1645506948134','2022-02-18 05:26:50',NULL,NULL),(5,'1650380653960','$2a$10$odkWhLFCE2jvYm7AT4xJcu7fJ1lFHD3d8AweKPJcWF.3FDYhUi4xe','1650380653960@gmail.com',NULL,NULL,NULL,1,0,'2022-04-19 15:04:32',1,'halongbay2-1645506948134','2022-04-19 15:27:37',NULL,NULL),(6,'1650383693875','$2a$10$ASVHQpvwoV2DZJqZOS10guMLkVn6H5JBpeMcXbaBAuyN/rcslZNs2','1650383693875@gmail.com',NULL,NULL,NULL,0,0,'2022-04-19 15:55:20',1,'halongbay2-1645506948134','2022-04-19 15:55:20',NULL,NULL),(7,'1650384179521','$2a$10$sdij/eCcsoOYMIxujqNQ6OntJkx/si893pBDuAlHigGo1BYXLhswi','1650384179521@gmail.com',NULL,NULL,NULL,1,0,'2022-04-19 16:03:10',1,'halongbay2-1645506948134','2022-04-19 16:19:19',NULL,NULL),(8,'1650420600084','$2a$10$nNWn6uU.Kprknp/0RW0YtOA437yzS3AKkedIOkZQ18agfym/tEQ1W','1650420600084@gmail.com',NULL,NULL,NULL,1,0,'2022-04-20 02:10:23',1,'halongbay2-1645506948134','2022-04-20 02:14:47',NULL,NULL),(9,'1650424009520','$2a$10$cjDEiFm/tjof6NnLMZQwiOfhpeS88f/puFDm3sbOjJ3o6g0oNvFyq','1650424009520@gmail.com',NULL,NULL,NULL,1,0,'2022-04-20 03:07:00',1,'halongbay2-1645506948134','2022-04-20 03:07:18',NULL,NULL),(11,'dsfsfee','$2a$10$i/RCkcgJuvGCy0AtZ4J/QuGIl5nCokodTf4ZrPc8OQgI4hFzNNEpy','1650521300785@gmail.com',NULL,NULL,NULL,1,0,'2022-04-21 06:09:08',1,NULL,'2022-04-21 06:09:36',NULL,NULL),(12,'giaheo','$2a$10$DxeGzQuTb63dO.bq7hihDO9q7KTd3Zo9GW8.VcaSKU844sf8DQAwy','huynhgiahuy492@gmail.com',NULL,NULL,NULL,1,0,'2022-04-21 06:11:47',1,NULL,'2022-04-21 06:12:31',NULL,NULL),(13,'1650537445566','$2a$10$mVB79KSTUMkZmXfDsFJyqO332WkjjcUiXnd3J9Wz0MvJDzt3hs/uW','1650537445566@gmail.com',NULL,NULL,NULL,1,0,'2022-04-21 10:40:12',1,NULL,'2022-04-21 10:40:56',NULL,NULL),(14,'1651403436474','$2a$10$oikz01X4PZlYVJXpvgfgtuWj2kJTdLkjbng/mBIJxj7DZdbEO0eqa','1651403436474@gmail.com',NULL,NULL,NULL,1,0,'2022-05-01 11:10:56',1,NULL,'2022-05-01 11:11:37',NULL,NULL),(15,'1651661395297','$2a$10$CD1hMCpFlO5cBi9l.yG.v.r1qXsJc5NYA7wA4TbvPsXzDyWM2JDWm','1651661395297@gmail.com',NULL,NULL,NULL,1,0,'2022-05-04 10:50:06',1,NULL,'2022-05-04 10:50:54',NULL,NULL),(16,'1651661604116','$2a$10$N6QlawijlmqIoxy2HOu2Bubqf2/DrEgmZT2Sh0vVjBKNpcAsfzrDi','1651661604116@gmail.com',NULL,NULL,NULL,1,0,'2022-05-04 10:53:30',1,NULL,'2022-05-04 10:53:41',NULL,NULL),(17,'1651661796584','$2a$10$UyAyVz93xrjT4RxBQCe/HuJXjjdfFRMt.W3mbgzE2FfayL4PqOhNm','1651661796584@gmail.com',NULL,NULL,NULL,1,0,'2022-05-04 10:56:43',1,NULL,'2022-05-04 10:57:12',NULL,NULL),(18,'1651661938953','$2a$10$Y0cSNMkqA0H2PX8FOFnC2udKkAyovFF6p9Xer4.x8/Q3XZTpjNAHO','1651661938953@gmail.com',NULL,NULL,NULL,1,0,'2022-05-04 10:59:05',1,NULL,'2022-05-04 10:59:37',NULL,NULL),(19,'1651662162012','$2a$10$qSwWcsWsAShMRf0ZkPGryuA2jOcyyVdJeN8KOXmXFDdjlJloDDDhy','1651662162012@gmail.com',NULL,NULL,NULL,1,0,'2022-05-04 11:02:48',1,NULL,'2022-05-04 11:03:00',NULL,NULL),(20,'1651977109423','$2a$10$G44Qb7ct1kd7x/rTkPP2K.16KcTnFeuFJ2Eul/9.pnlNkr22Tyxeq','1651977109423@gmail.com',NULL,NULL,NULL,1,0,'2022-05-08 02:32:31',1,NULL,'2022-05-08 02:34:08',NULL,NULL),(21,'khanhcute','$2a$10$3QnLxv2be..3cnn.CtDciOHrktmu2Knfjxv3jDOtRgSlUNG02ZkMu','khanhnguyen7221@gmail.com',NULL,NULL,NULL,1,0,'2022-05-14 06:17:38',1,NULL,'2022-05-14 06:18:06',NULL,NULL),(22,'1652628169301','$2a$10$5t3ZvM394UVIEguo5/rQqOCuB4Vd1XXEvOj2ym44XwiVRT5EePTsS','1652628169301@gmail.com',NULL,NULL,'945127',0,0,'2022-05-15 15:23:00',1,NULL,'2022-05-15 15:23:00',NULL,NULL),(23,'1652632032637','$2a$10$ZKd0idEj7aFABCe62hd43eOp0ieg95UGH.yNRPIX6.w17rEa1DcXW','1652632032637@gmail.com',NULL,NULL,'370365',0,0,'2022-05-15 16:27:18',1,NULL,'2022-05-15 16:27:18',NULL,NULL),(24,'1653630921431','$2a$10$HBmx.LhcYVAkZP9t0Ro1he2oSkJddRB33VS8f/SLXi3F1ThE6todq','1653630921431@gmail.com',NULL,NULL,'737176',0,0,'2022-05-27 05:58:20',1,NULL,'2022-05-27 05:58:20',NULL,NULL),(25,'khanhduy21123','$2a$10$/jnZaB78Z6Cd71AK/7h.eufs.BJhCrKcrS35LuQfq.pqbr68KSzk.','1653728389126@gmail.com',NULL,NULL,NULL,1,0,'2022-05-28 09:00:33',1,'image_cropper_1653814683562-1653814688712','2022-05-29 08:58:09',NULL,'image_cropper_1653809378285-1653809385458'),(26,'1655531875982','$2a$10$oUFYXpZXg4wns9Gt4Tv1vOcTWEMzaTFHbJOcHX4/dLpwvdGTxIXUC','1655531875982@gmail.com',NULL,NULL,NULL,1,0,'2022-06-18 06:14:45',1,NULL,'2022-06-18 06:18:18',NULL,NULL),(27,'test7989','$2a$10$lGO5DFADQLcElQjXnQ5qqeKPFSZsmrfk2dCKHVMtllciXhT2tsD.i','testting7989@gmail.com',NULL,NULL,NULL,1,0,'2022-06-18 06:15:27',1,NULL,'2022-06-18 06:16:07',NULL,NULL);
/*!40000 ALTER TABLE `user` ENABLE KEYS */;
UNLOCK TABLES;

--
-- Table structure for table `user_review_visit`
--

DROP TABLE IF EXISTS `user_review_visit`;
/*!40101 SET @saved_cs_client     = @@character_set_client */;
/*!50503 SET character_set_client = utf8mb4 */;
CREATE TABLE `user_review_visit` (
  `id` int NOT NULL AUTO_INCREMENT,
  `user_id` int NOT NULL,
  `review_id` int NOT NULL,
  `create_date` timestamp NULL DEFAULT CURRENT_TIMESTAMP,
  `rating` int DEFAULT NULL,
  `update_date` timestamp NULL DEFAULT NULL,
  PRIMARY KEY (`id`),
  KEY `fk_user_viewed_idx` (`user_id`),
  KEY `fk_review_viewed_idd_idx` (`review_id`),
  CONSTRAINT `fk_review_viewed_idd` FOREIGN KEY (`review_id`) REFERENCES `review` (`id`),
  CONSTRAINT `fk_user_viewed` FOREIGN KEY (`user_id`) REFERENCES `user` (`id`)
) ENGINE=InnoDB DEFAULT CHARSET=utf8mb4 COLLATE=utf8mb4_unicode_ci;
/*!40101 SET character_set_client = @saved_cs_client */;

--
-- Dumping data for table `user_review_visit`
--

LOCK TABLES `user_review_visit` WRITE;
/*!40000 ALTER TABLE `user_review_visit` DISABLE KEYS */;
/*!40000 ALTER TABLE `user_review_visit` ENABLE KEYS */;
UNLOCK TABLES;
/*!40103 SET TIME_ZONE=@OLD_TIME_ZONE */;

/*!40101 SET SQL_MODE=@OLD_SQL_MODE */;
/*!40014 SET FOREIGN_KEY_CHECKS=@OLD_FOREIGN_KEY_CHECKS */;
/*!40014 SET UNIQUE_CHECKS=@OLD_UNIQUE_CHECKS */;
/*!40101 SET CHARACTER_SET_CLIENT=@OLD_CHARACTER_SET_CLIENT */;
/*!40101 SET CHARACTER_SET_RESULTS=@OLD_CHARACTER_SET_RESULTS */;
/*!40101 SET COLLATION_CONNECTION=@OLD_COLLATION_CONNECTION */;
/*!40111 SET SQL_NOTES=@OLD_SQL_NOTES */;

-- Dump completed on 2022-06-19 19:56:40
